country,happiness_score,economy_gdp_per_capita,family,health_life_expectancy,freedom,generosity1,trust_government_corruption,year
Afghanistan,3.575,0.31982,0.30285,0.30335,0.23414000000000001,0.3651,0.09719,2015
Afghanistan,3.36,0.38227,0.11037000000000001,0.17344,0.1643,0.31268,0.07112,2016
Afghanistan,3.7939999103546103,0.401477217674255,0.581543326377869,0.18074677884578697,0.106179520487785,0.311870932579041,0.0611578300595284,2017
Afghanistan,3.6319999999999997,0.332,0.537,0.255,0.085,0.191,0.036000000000000004,2018
Afghanistan,3.2030000000000003,0.35,0.517,0.361,0.0,0.158,0.025,2019
Afghanistan,2.566900015,0.30070585,0.470366955,0.266051531,0.0,0.135234714,0.001225785,2020
Albania,4.959,0.8786700000000001,0.8043399999999999,0.81325,0.35733000000000004,0.14272,0.06412999999999999,2015
Albania,4.655,0.9553,0.50163,0.73007,0.31866,0.1684,0.05301,2016
Albania,4.64400005340576,0.996192753314972,0.8036852478981021,0.731159746646881,0.381498634815216,0.20131294429302202,0.0398642159998417,2017
Albania,4.586,0.9159999999999999,0.8170000000000001,0.79,0.419,0.149,0.032,2018
Albania,4.718999999999999,0.9470000000000001,0.848,0.8740000000000001,0.38299999999999995,0.17800000000000002,0.027000000000000003,2019
Albania,4.882699966000001,0.906653047,0.671070457,0.8463296290000001,0.461945891,0.171027765,0.025361285,2020
Algeria,5.605,0.93929,1.07772,0.61766,0.28579,0.07822,0.17382999999999998,2015
Algeria,6.355,1.05266,0.83309,0.6180399999999999,0.21006,0.07044,0.16157,2016
Algeria,5.872000217437741,1.09186446666718,1.1462174654007,0.6175846457481379,0.233335807919502,0.0694366469979286,0.14609611034393302,2017
Algeria,5.295,0.9790000000000001,1.1540000000000001,0.687,0.077,0.055,0.135,2018
Algeria,5.211,1.002,1.16,0.785,0.086,0.073,0.114,2019
Algeria,5.005099773,0.9438560009999999,0.8033851390000001,0.745418549,0.083943799,0.118915014,0.12919065400000002,2020
Angola,4.033,0.75778,0.8604,0.16683,0.10384000000000002,0.12344000000000001,0.07122,2015
Angola,3.866,0.84731,0.66366,0.04991,0.00589,0.12070999999999998,0.08434,2016
Angola,3.79500007629395,0.8584281802177429,1.1044119596481299,0.0498686656355858,0.0,0.09792649000883098,0.0697203353047371,2017
Angola,3.795,0.73,1.125,0.26899999999999996,0.0,0.079,0.061,2018
Argentina,6.574,1.05351,1.24823,0.78723,0.44974,0.11450999999999999,0.08484,2015
Argentina,6.65,1.15137,1.0661200000000002,0.69711,0.42283999999999994,0.10989000000000002,0.07296,2016
Argentina,6.59899997711182,1.18529546260834,1.44045114517212,0.695137083530426,0.49451920390129106,0.109457060694695,0.05973988771438599,2017
Argentina,6.388,1.073,1.4680000000000002,0.7440000000000001,0.57,0.062,0.054000000000000006,2018
Argentina,6.086,1.092,1.432,0.8809999999999999,0.47100000000000003,0.066,0.05,2019
Argentina,5.974699974,1.028465629,0.900567949,0.849773705,0.520840347,0.070100471,0.06041505900000001,2020
Armenia,4.35,0.7682100000000001,0.7771100000000001,0.7299,0.19847,0.07855,0.039,2015
Armenia,4.36,0.8608600000000001,0.6247699999999999,0.64083,0.14037,0.07793,0.036160000000000005,2016
Armenia,4.37599992752075,0.900596737861633,1.00748372077942,0.637524425983429,0.198303267359734,0.0834880918264389,0.0266744215041399,2017
Armenia,4.321000000000001,0.816,0.99,0.6659999999999999,0.26,0.077,0.027999999999999997,2018
Armenia,4.559,0.85,1.055,0.815,0.28300000000000003,0.095,0.064,2019
Armenia,4.676799774,0.8082624079999999,0.7574794290000001,0.77585727,0.37807580799999996,0.107225738,0.104618184,2020
Australia,7.284,1.33358,1.30923,0.93156,0.6512399999999999,0.43562,0.35636999999999996,2015
Australia,7.313,1.4444299999999999,1.10476,0.8512,0.5683699999999999,0.47407,0.32331,2016
Australia,7.28399991989136,1.4844149351120002,1.5100419521331798,0.84388679265976,0.601607382297516,0.47769924998283403,0.301183730363846,2017
Australia,7.272,1.34,1.5730000000000002,0.91,0.647,0.361,0.302,2018
Australia,7.228,1.3719999999999999,1.548,1.036,0.557,0.332,0.29,2019
Australia,7.222799778,1.310396433,0.9448546170000001,1.022607684,0.621877193,0.324973613,0.335996419,2020
Austria,7.2,1.33723,1.29704,0.8904200000000001,0.62433,0.33088,0.18675999999999998,2015
Austria,7.119,1.45038,1.0838299999999998,0.80565,0.54355,0.32865,0.21348000000000003,2016
Austria,7.00600004196167,1.4870972633361799,1.4599449634552,0.8153284192085269,0.567766189575195,0.316472321748734,0.22106036543846105,2017
Austria,7.138999999999999,1.341,1.504,0.8909999999999999,0.617,0.242,0.22399999999999998,2018
Austria,7.246,1.376,1.475,1.016,0.532,0.244,0.226,2019
Austria,7.294199944,1.317285538,0.9280458690000001,1.000933528,0.6033688779999999,0.255509764,0.28125613899999996,2020
Azerbaijan,5.212000000000001,1.02389,0.9379299999999999,0.64045,0.3703,0.07799,0.16065,2015
Azerbaijan,5.291,1.12373,0.76042,0.54504,0.35327,0.0564,0.17914000000000002,2016
Azerbaijan,5.234000205993651,1.1536017656326298,1.15240025520325,0.5407757759094239,0.39815583825111406,0.0452693402767181,0.180987507104874,2017
Azerbaijan,5.2010000000000005,1.024,1.161,0.603,0.43,0.031,0.17600000000000002,2018
Azerbaijan,5.207999999999999,1.043,1.147,0.769,0.35100000000000003,0.035,0.182,2019
Azerbaijan,5.164800167,0.990272701,0.819308281,0.731134057,0.467734724,0.040113214,0.24730718100000001,2020
Bahrain,5.96,1.32376,1.21624,0.74716,0.45492,0.17362,0.306,2015
Bahrain,6.218,1.44024,0.9439700000000001,0.65696,0.47375,0.17147,0.25772,2016
Bahrain,6.08699989318848,1.4884122610092199,1.3231104612350502,0.653133034706116,0.536746919155121,0.17266848683357197,0.257042169570923,2017
Bahrain,6.105,1.338,1.3659999999999999,0.698,0.594,0.243,0.12300000000000001,2018
Bahrain,6.199,1.3619999999999999,1.368,0.871,0.536,0.255,0.11,2019
Bahrain,6.227300167,1.296692252,0.876342118,0.838836372,0.610399902,0.287453711,0.12669725699999998,2020
Bangladesh,4.694,0.39753,0.43106000000000005,0.60164,0.4082,0.21222,0.12569,2015
Bangladesh,4.643,0.54177,0.24749000000000002,0.52989,0.39778,0.19132000000000002,0.12583,2016
Bangladesh,4.60799980163574,0.586682975292206,0.735131740570068,0.533241033554077,0.478356659412384,0.17225535213947304,0.123717859387398,2017
Bangladesh,4.5,0.532,0.85,0.579,0.58,0.153,0.14400000000000002,2018
Bangladesh,4.456,0.562,0.9279999999999999,0.723,0.527,0.166,0.14300000000000002,2019
Bangladesh,4.832799911,0.556156278,0.687292993,0.694940507,0.604130566,0.17674511699999998,0.176735908,2020
Belarus,5.813,1.0319200000000002,1.23289,0.7360800000000001,0.37938,0.11045999999999999,0.1909,2015
Belarus,5.8020000000000005,1.1306200000000002,1.04993,0.6310399999999999,0.29091,0.13942000000000002,0.17457,2016
Belarus,5.5689997673034695,1.15655755996704,1.4449452161788898,0.6377142667770389,0.295400261878967,0.15513750910759,0.156313821673393,2017
Belarus,5.483,1.0390000000000001,1.4980000000000002,0.7,0.307,0.10099999999999999,0.154,2018
Belarus,5.3229999999999995,1.067,1.465,0.789,0.235,0.094,0.142,2019
Belarus,5.539899826,1.0188544990000001,0.90674746,0.75258857,0.29075586800000003,0.08993306,0.193607435,2020
Belgium,6.937,1.30782,1.28566,0.8966700000000001,0.5845,0.2225,0.2254,2015
Belgium,6.928999999999999,1.42539,1.05249,0.8195899999999999,0.51354,0.2424,0.26248,2016
Belgium,6.89099979400635,1.4637807607650801,1.4623126983642598,0.8180918693542479,0.5397707223892211,0.23150333762168898,0.251343131065369,2017
Belgium,6.9270000000000005,1.324,1.483,0.894,0.583,0.188,0.24,2018
Belgium,6.922999999999999,1.3559999999999999,1.504,0.986,0.473,0.16,0.21,2019
Belgium,6.863500117999999,1.2958427670000001,0.911632538,0.964901149,0.499805421,0.146966159,0.208724052,2020
Belize,5.956,0.87616,0.68655,0.45569,0.51231,0.23684000000000002,0.10770999999999999,2016
Belize,5.955999851226809,0.907975316047668,1.0814177989959701,0.45019176602363603,0.5475093722343439,0.24001564085483604,0.0965810716152191,2017
Belize,5.956,0.807,1.101,0.474,0.593,0.183,0.08900000000000001,2018
Benin,3.34,0.28665,0.35386,0.3191,0.4845,0.1826,0.0801,2015
Benin,3.484,0.39499,0.10419,0.21028000000000002,0.39747,0.2018,0.06681000000000001,2016
Benin,3.65700006484985,0.43108540773391707,0.43529984354972795,0.20993021130561804,0.42596277594566295,0.207948461174965,0.0609290152788162,2017
Benin,4.141,0.37799999999999995,0.37200000000000005,0.24,0.44,0.163,0.067,2018
Benin,4.883,0.39299999999999996,0.43700000000000006,0.397,0.349,0.175,0.08199999999999999,2019
Benin,5.21600008,0.366244704,0.46867114299999996,0.328062952,0.40583989,0.196670428,0.125931874,2020
Bhutan,5.252999999999999,0.77042,1.10395,0.57407,0.5320600000000001,0.47998,0.15445,2015
Bhutan,5.196000000000001,0.8527,0.9083600000000001,0.49759,0.46074,0.48546000000000006,0.1616,2016
Bhutan,5.01100015640259,0.885416388511658,1.3401265144348102,0.495879292488098,0.5015376806259161,0.474054545164108,0.17338038980960802,2017
Bhutan,5.082,0.7959999999999999,1.335,0.527,0.541,0.364,0.171,2018
Bhutan,5.082,0.813,1.321,0.604,0.457,0.37,0.16699999999999998,2019
Bolivia,5.89,0.68133,0.97841,0.5392,0.57414,0.20536,0.08800000000000001,2015
Bolivia,5.822,0.79422,0.8377899999999999,0.4697,0.50961,0.21698,0.07746,2016
Bolivia,5.82299995422363,0.833756566047668,1.2276190519332901,0.47363024950027505,0.5587329268455511,0.22556072473526,0.0604777261614799,2017
Bolivia,5.752000000000001,0.7509999999999999,1.2229999999999999,0.508,0.606,0.141,0.054000000000000006,2018
Bolivia,5.779,0.7759999999999999,1.209,0.706,0.511,0.13699999999999998,0.064,2019
Bolivia,5.747499942999999,0.7309763429999999,0.803108692,0.6624456639999999,0.5744645,0.13837507400000001,0.072942637,2020
Bosnia and Herzegovina,4.949,0.8322299999999999,0.9191600000000001,0.79081,0.09245,0.24808000000000002,0.00227,2015
Bosnia and Herzegovina,5.162999999999999,0.9338299999999999,0.64367,0.7076600000000001,0.09511,0.29889,0.0,2016
Bosnia and Herzegovina,5.18200016021729,0.982409417629242,1.0693359375,0.705186307430267,0.204403176903725,0.328867495059967,0.0,2017
Bosnia and Herzegovina,5.129,0.915,1.078,0.758,0.28,0.21600000000000003,0.0,2018
Bosnia and Herzegovina,5.386,0.945,1.212,0.845,0.212,0.263,0.006,2019
Bosnia and Herzegovina,5.674099922000001,0.91839546,0.829204142,0.813928187,0.305365741,0.264005244,0.001172487,2020
Botswana,4.332,0.99355,1.10464,0.047760000000000004,0.49495,0.10461,0.12474,2015
Botswana,3.9739999999999998,1.09426,0.89186,0.34752,0.44088999999999995,0.12425,0.10769000000000001,2016
Botswana,3.7660000324249303,1.12209415435791,1.2215549945831299,0.34175550937652605,0.505196332931519,0.0993484482169151,0.0985831990838051,2017
Botswana,3.59,1.0170000000000001,1.1740000000000002,0.41700000000000004,0.557,0.042,0.092,2018
Botswana,3.488,1.041,1.145,0.5379999999999999,0.455,0.025,0.1,2019
Botswana,3.4788999560000002,0.997548997,0.7791217570000001,0.494101733,0.50908941,0.033407487,0.101786368,2020
Brazil,6.983,0.98124,1.2328700000000001,0.69702,0.49049,0.14574,0.17521,2015
Brazil,6.952000000000001,1.08754,1.03938,0.61415,0.40425,0.15775999999999998,0.14165999999999998,2016
Brazil,6.6350002288818395,1.1073532104492199,1.43130600452423,0.6165523529052729,0.437453746795654,0.16234989464282998,0.11109276115894301,2017
Brazil,6.419,0.986,1.474,0.675,0.493,0.11,0.08800000000000001,2018
Brazil,6.3,1.004,1.439,0.802,0.39,0.099,0.086,2019
Brazil,6.375599861,0.952679873,0.896723807,0.766119063,0.483292729,0.131674588,0.106518604,2020
Bulgaria,4.218,1.01216,1.10614,0.76649,0.30587,0.11921,0.00872,2015
Bulgaria,4.217,1.11306,0.92542,0.67806,0.21219000000000002,0.12793,0.00615,2016
Bulgaria,4.71400022506714,1.1614590883255,1.4343794584274299,0.708217680454254,0.28923171758651695,0.113177694380283,0.0110515309497714,2017
Bulgaria,4.933,1.054,1.515,0.7120000000000001,0.359,0.064,0.009000000000000001,2018
Bulgaria,5.011,1.092,1.5130000000000001,0.815,0.311,0.081,0.004,2019
Bulgaria,5.101500034,1.046554685,0.937840343,0.7777768970000001,0.417820066,0.10383371300000001,0.0,2020
Burkina Faso,3.5869999999999997,0.25811999999999996,0.85188,0.27125,0.39493,0.21746999999999997,0.12832000000000002,2015
Burkina Faso,3.739,0.31995,0.63054,0.21297,0.3337,0.24353000000000002,0.12533,2016
Burkina Faso,4.03200006484985,0.35022771358490007,1.04328000545502,0.21584425866603896,0.32436785101890603,0.250864684581757,0.12032810598611803,2017
Burkina Faso,4.4239999999999995,0.314,1.097,0.254,0.312,0.175,0.128,2018
Burkina Faso,4.587,0.331,1.056,0.38,0.255,0.177,0.113,2019
Burkina Faso,4.768700123,0.302467644,0.7129436140000001,0.312833875,0.322398156,0.18639060899999998,0.126408055,2020
Burundi,2.905,0.0153,0.41586999999999996,0.22396,0.1185,0.19727,0.10062,2015
Burundi,2.905,0.06831,0.23442,0.15747,0.0432,0.2029,0.09419,2016
Burundi,2.90499997138977,0.09162256866693501,0.629793584346771,0.151610791683197,0.0599007532000542,0.20443518459796897,0.0841479450464249,2017
Burundi,2.905,0.091,0.627,0.145,0.065,0.149,0.076,2018
Burundi,3.775,0.046,0.447,0.38,0.22,0.17600000000000002,0.18,2019
Burundi,3.775300026,0.0,0.490325719,0.295212835,0.275399059,0.18740178600000001,0.212186828,2020
Cambodia,3.819,0.46038,0.62736,0.61114,0.66246,0.40359,0.07247,2015
Cambodia,3.907,0.55604,0.5375,0.42494,0.5885199999999999,0.40339,0.08092,2016
Cambodia,4.1680002212524405,0.6017650961875921,1.00623834133148,0.429783403873444,0.633375823497772,0.385922968387604,0.0681059509515762,2017
Cambodia,4.433,0.5489999999999999,1.088,0.457,0.696,0.256,0.065,2018
Cambodia,4.7,0.574,1.122,0.637,0.609,0.23199999999999998,0.062,2019
Cambodia,4.8484001160000005,0.544634938,0.773080647,0.587904334,0.674940348,0.233342081,0.072837502,2020
Cameroon,4.252,0.4225,0.8876700000000001,0.23401999999999998,0.49309,0.20618000000000003,0.05786,2015
Cameroon,4.513,0.5249699999999999,0.62542,0.12697999999999998,0.42736,0.2268,0.06126,2016
Cameroon,4.69500017166138,0.564305365085602,0.946018218994141,0.132892116904259,0.430388748645782,0.23629845678806302,0.0513066314160824,2017
Cameroon,4.975,0.535,0.8909999999999999,0.182,0.45399999999999996,0.183,0.043,2018
Cameroon,5.044,0.5489999999999999,0.91,0.331,0.381,0.187,0.037000000000000005,2019
Cameroon,5.084899902,0.503958046,0.700386405,0.270189553,0.43924248200000005,0.198020101,0.054393422000000004,2020
Canada,7.4270000000000005,1.32629,1.32261,0.9056299999999999,0.63297,0.45811,0.32957,2015
Canada,7.404,1.44015,1.0961,0.8276,0.5737,0.44833999999999996,0.31329,2016
Canada,7.31599998474121,1.47920441627502,1.48134899139404,0.83455765247345,0.611100912094116,0.435539722442627,0.287371516227722,2017
Canada,7.327999999999999,1.33,1.5319999999999998,0.8959999999999999,0.653,0.321,0.29100000000000004,2018
Canada,7.278,1.365,1.505,1.0390000000000001,0.584,0.285,0.308,2019
Canada,7.23210001,1.301647663,0.927176654,1.022501945,0.644028127,0.28152892,0.35170185600000003,2020
Central African Republic,3.678,0.0785,0.0,0.06699,0.48878999999999995,0.23835,0.08288999999999999,2015
Central African Republic,2.69300007820129,0.0,0.0,0.0187726859003305,0.270842045545578,0.280876487493515,0.0565650761127472,2017
Central African Republic,3.083,0.024,0.0,0.01,0.305,0.218,0.038,2018
Central African Republic,3.083,0.026000000000000002,0.0,0.105,0.225,0.235,0.035,2019
Central African Republic,3.475899935,0.041072082,0.31945985600000004,0.0,0.292814463,0.253513217,0.028264717999999998,2020
Chad,3.667,0.34193,0.76062,0.1501,0.23501,0.18386,0.05269,2015
Chad,3.763,0.42213999999999996,0.63178,0.038239999999999996,0.12807000000000002,0.18667,0.04952,2016
Chad,3.9360001087188703,0.43801298737525896,0.953855872154236,0.0411347150802612,0.16234202682972002,0.21611385047435802,0.0535818822681904,2017
Chad,4.301,0.358,0.907,0.053,0.18899999999999997,0.18100000000000002,0.06,2018
Chad,4.35,0.35,0.7659999999999999,0.192,0.174,0.198,0.078,2019
Chad,4.422699928,0.30228748899999996,0.632388055,0.1087441,0.22860176899999998,0.210805088,0.085755408,2020
Chile,6.67,1.10715,1.12447,0.85857,0.44132,0.33363000000000004,0.12869,2015
Chile,6.705,1.2167,0.9058700000000001,0.8188300000000001,0.37789,0.31595,0.11450999999999999,2016
Chile,6.65199995040894,1.25278460979462,1.28402495384216,0.8194797039031979,0.376895278692245,0.3266624212265011,0.0822879821062088,2017
Chile,6.476,1.131,1.331,0.8079999999999999,0.431,0.19699999999999998,0.061,2018
Chile,6.444,1.159,1.369,0.92,0.35700000000000004,0.187,0.055999999999999994,2019
Chile,6.228499889,1.096992493,0.879713595,0.889260828,0.41748222700000004,0.155579001,0.06284935,2020
China,5.14,0.89012,0.94675,0.81658,0.5169699999999999,0.08185,0.02781,2015
China,5.245,1.0278,0.79381,0.73561,0.44011999999999996,0.049589999999999995,0.02745,2016
China,5.2729997634887695,1.08116579055786,1.16083741188049,0.741415500640869,0.47278770804405196,0.0288068410009146,0.0227942746132612,2017
China,5.246,0.9890000000000001,1.1420000000000001,0.799,0.597,0.028999999999999998,0.10300000000000001,2018
China,5.191,1.0290000000000001,1.125,0.893,0.521,0.057999999999999996,0.1,2019
China,5.123899937,0.990533412,0.798760593,0.867248535,0.6016051170000001,0.079021044,0.117255554,2020
Colombia,6.477,0.91861,1.2401799999999998,0.69077,0.53466,0.18400999999999998,0.0512,2015
Colombia,6.481,1.0303200000000001,1.02169,0.59659,0.44735,0.15625999999999998,0.053989999999999996,2016
Colombia,6.35699987411499,1.07062232494354,1.4021829366683998,0.595027923583984,0.47748741507530196,0.14901447296142598,0.0466687418520451,2017
Colombia,6.26,0.96,1.439,0.635,0.531,0.099,0.039,2018
Colombia,6.125,0.985,1.41,0.841,0.47,0.099,0.034,2019
Colombia,6.163400172999999,0.93220371,0.884440243,0.8100201490000001,0.526890039,0.092374094,0.04584837,2020
Comoros,3.9560000000000004,0.23906,0.79273,0.36315,0.22916999999999998,0.17440999999999998,0.19899999999999998,2015
Comoros,3.9560000000000004,0.27509,0.60323,0.29980999999999997,0.15412,0.1827,0.18437,2016
Comoros,3.9730000000000003,0.27399999999999997,0.757,0.505,0.142,0.275,0.078,2019
Comoros,4.288599968,0.41562077399999997,0.625662446,0.43738332399999996,0.18102823199999998,0.258538276,0.100048535,2020
Congo (Brazzaville),3.989,0.67866,0.6629,0.31051,0.41466000000000003,0.12387999999999999,0.11685999999999999,2015
Congo (Brazzaville),4.236000000000001,0.7710899999999999,0.47798999999999997,0.28212,0.37938,0.12077,0.09752999999999999,2016
Congo (Brazzaville),4.29099988937378,0.8089642524719242,0.8320443630218509,0.28995743393898,0.4350258708000179,0.12085212767124198,0.0796181336045265,2017
Congo (Brazzaville),4.559,0.682,0.8109999999999999,0.34299999999999997,0.514,0.091,0.077,2018
Congo (Brazzaville),4.812,0.6729999999999999,0.799,0.508,0.37200000000000005,0.105,0.09300000000000001,2019
Congo (Brazzaville),5.1943998339999995,0.633616745,0.6402280929999999,0.45810112399999997,0.386514395,0.11721601300000001,0.118670784,2020
Congo (Kinshasa),4.5169999999999995,0.0,1.0012,0.09806000000000001,0.22605,0.24834,0.07625,2015
Congo (Kinshasa),4.272,0.05661,0.80676,0.188,0.15602,0.25458000000000003,0.06075,2016
Congo (Kinshasa),4.2800002098083505,0.0921023488044739,1.22902345657349,0.191407024860382,0.235961347818375,0.246455833315849,0.0602413564920425,2017
Congo (Kinshasa),4.245,0.069,1.136,0.204,0.312,0.19699999999999998,0.052000000000000005,2018
Congo (Kinshasa),4.418,0.094,1.125,0.35700000000000004,0.26899999999999996,0.212,0.053,2019
Congo (Kinshasa),4.31099987,0.062487468,0.6721590159999999,0.277212054,0.36462298,0.254324883,0.081466645,2020
Costa Rica,7.226,0.95578,1.2378799999999999,0.8602700000000001,0.63376,0.25497,0.10583,2015
Costa Rica,7.087000000000001,1.06879,1.02152,0.76146,0.55225,0.22553,0.10547000000000001,2016
Costa Rica,7.0789999961853,1.10970628261566,1.4164036512374898,0.7595092654228209,0.580131649971008,0.21461322903633104,0.100106589496136,2017
Costa Rica,7.072,1.01,1.459,0.8170000000000001,0.632,0.14300000000000002,0.10099999999999999,2018
Costa Rica,7.167000000000001,1.034,1.4409999999999998,0.963,0.5579999999999999,0.14400000000000002,0.09300000000000001,2019
Costa Rica,7.121399879,0.981107712,0.901545942,0.9396353359999999,0.6450177429999999,0.131266311,0.096362092,2020
Croatia,5.7589999999999995,1.08254,0.79624,0.78805,0.25883,0.054439999999999995,0.0243,2015
Croatia,5.4879999999999995,1.18649,0.6080899999999999,0.70524,0.23906999999999998,0.18434,0.04002,2016
Croatia,5.2930002212524405,1.22255623340607,0.9679830074310299,0.701288521289825,0.255772292613983,0.248002976179123,0.0431031100451946,2017
Croatia,5.321000000000001,1.115,1.161,0.737,0.38,0.12,0.039,2018
Croatia,5.432,1.155,1.266,0.914,0.29600000000000004,0.11900000000000001,0.022000000000000002,2019
Croatia,5.504700184,1.109024286,0.874623716,0.900575578,0.38145688200000005,0.113998979,0.012325006000000001,2020
Cyprus,5.689,1.20813,0.89318,0.92356,0.40671999999999997,0.30638000000000004,0.06146,2015
Cyprus,5.546,1.31857,0.70697,0.8488,0.29507,0.27906,0.05227999999999999,2016
Cyprus,5.62099981307983,1.3559380769729599,1.13136327266693,0.84471470117569,0.35511153936386103,0.271254301071167,0.0412379764020443,2017
Cyprus,5.7620000000000005,1.229,1.1909999999999998,0.909,0.423,0.20199999999999999,0.035,2018
Cyprus,6.046,1.263,1.2229999999999999,1.042,0.406,0.19,0.040999999999999995,2019
Cyprus,6.15899992,1.21279943,0.8059962390000001,1.0261245970000001,0.45938587200000003,0.227932334,0.051207144,2020
Czech Republic,6.505,1.17898,1.20643,0.84483,0.46363999999999994,0.10686,0.02652,2015
Czech Republic,6.596,1.30915,1.00793,0.76376,0.41418,0.09929,0.03986,2016
Czech Republic,6.60900020599365,1.35268235206604,1.4338852167129499,0.754444003105164,0.49094617366790794,0.0881067588925362,0.0368729270994663,2017
Czech Republic,6.711,1.2329999999999999,1.489,0.8540000000000001,0.5429999999999999,0.064,0.034,2018
Czech Republic,6.852,1.2690000000000001,1.4869999999999999,0.92,0.457,0.046,0.036000000000000004,2019
Czech Republic,6.9109001160000005,1.212322354,0.914430678,0.89456445,0.505744576,0.046325929,0.049803223,2020
Denmark,7.527,1.32548,1.36058,0.87464,0.6493800000000001,0.34139,0.48357,2015
Denmark,7.526,1.4417799999999998,1.16374,0.79504,0.5794100000000001,0.36171,0.44453000000000004,2016
Denmark,7.52199983596802,1.48238301277161,1.55112159252167,0.7925655245780941,0.626006722450256,0.3552804887294771,0.40077006816863997,2017
Denmark,7.555,1.351,1.59,0.868,0.6829999999999999,0.284,0.408,2018
Denmark,7.6,1.383,1.5730000000000002,0.996,0.5920000000000001,0.252,0.41,2019
Denmark,7.645599842,1.326948524,0.955990791,0.979332566,0.665039897,0.24279339600000002,0.49526032799999997,2020
Djibouti,4.369,0.44025,0.59207,0.36291,0.46074,0.18093,0.28105,2015
Dominican Republic,4.885,0.8953700000000001,1.17202,0.66825,0.57672,0.21684,0.14234000000000002,2015
Dominican Republic,5.155,1.02787,0.9949600000000001,0.5766899999999999,0.52259,0.21286,0.12372000000000001,2016
Dominican Republic,5.230000019073491,1.07937383651733,1.4024167060852097,0.574873745441437,0.55258983373642,0.186967849731445,0.113945253193378,2017
Dominican Republic,5.3020000000000005,0.982,1.4409999999999998,0.614,0.578,0.12,0.106,2018
Dominican Republic,5.425,1.015,1.401,0.779,0.49700000000000005,0.113,0.10099999999999999,2019
Dominican Republic,5.6891999239999995,0.9831918479999999,0.882085383,0.7419016959999999,0.5628739,0.112196781,0.115945682,2020
Ecuador,5.975,0.8640200000000001,0.99903,0.79075,0.48573999999999995,0.11540999999999998,0.1809,2015
Ecuador,5.976,0.97306,0.85974,0.68613,0.4027,0.10074,0.18037,2016
Ecuador,6.00799989700317,1.00082039833069,1.2861688137054401,0.685636222362518,0.4551981985569,0.15011246502399403,0.140134647488594,2017
Ecuador,5.973,0.889,1.33,0.736,0.556,0.114,0.12,2018
Ecuador,6.028,0.912,1.3119999999999998,0.868,0.498,0.126,0.087,2019
Ecuador,5.925199986,0.853383601,0.836418986,0.838837743,0.555234551,0.115006477,0.086753383,2020
Egypt,4.194,0.8818,0.747,0.61712,0.17288,0.11291,0.06324,2015
Egypt,4.362,0.95395,0.49813,0.5211600000000001,0.18847,0.12705999999999998,0.10393,2016
Egypt,4.7350001335144,0.989701807498932,0.997471392154694,0.520187258720398,0.28211015462875394,0.128631442785263,0.114381365478039,2017
Egypt,4.419,0.885,1.025,0.5529999999999999,0.312,0.092,0.107,2018
Egypt,4.166,0.9129999999999999,1.0390000000000001,0.644,0.24100000000000002,0.076,0.067,2019
Egypt,4.151400089,0.8752289409999999,0.7354478240000001,0.596911311,0.37368473399999996,0.068801254,0.095461793,2020
El Salvador,6.13,0.76454,1.0250700000000001,0.67737,0.4035,0.10692,0.11775999999999999,2015
El Salvador,6.068,0.8737,0.80975,0.596,0.37269,0.08877,0.10613,2016
El Salvador,6.002999782562259,0.9097844958305359,1.1821250915527302,0.596018552780151,0.432452529668808,0.0782579854130745,0.0899809598922729,2017
El Salvador,6.167000000000001,0.8059999999999999,1.2309999999999999,0.639,0.461,0.065,0.08199999999999999,2018
El Salvador,6.252999999999999,0.794,1.242,0.789,0.43,0.09300000000000001,0.07400000000000001,2019
El Salvador,6.34829998,0.748940408,0.8060922620000001,0.752730012,0.5240439179999999,0.11893630000000001,0.11703035199999999,2020
Estonia,5.428999999999999,1.15174,1.22791,0.77361,0.44888,0.0868,0.15184,2015
Estonia,5.517,1.2796399999999999,1.0516299999999998,0.68098,0.41511000000000003,0.08423,0.18519000000000002,2016
Estonia,5.61100006103516,1.3208793401718102,1.47667109966278,0.695168316364288,0.479131430387497,0.0988908112049103,0.18324892222881303,2017
Estonia,5.739,1.2,1.5319999999999998,0.737,0.5529999999999999,0.086,0.174,2018
Estonia,5.893,1.237,1.528,0.8740000000000001,0.495,0.10300000000000001,0.161,2019
Estonia,6.0218000410000005,1.192441225,0.9347299929999999,0.842615008,0.576664805,0.12513674800000002,0.201766819,2020
Ethiopia,4.512,0.19072999999999998,0.60406,0.44055,0.4345,0.24325,0.15048,2015
Ethiopia,4.508,0.29283000000000003,0.37932,0.34578000000000003,0.36703,0.29522,0.1717,2016
Ethiopia,4.46000003814697,0.339233845472336,0.8646692037582401,0.35340970754623396,0.408842742443085,0.31265074014663696,0.16545571386814098,2017
Ethiopia,4.35,0.308,0.95,0.391,0.452,0.22,0.146,2018
Ethiopia,4.2860000000000005,0.336,1.033,0.532,0.344,0.209,0.1,2019
Ethiopia,4.186200142,0.315125644,0.743307352,0.483846247,0.41256687,0.227698103,0.117437035,2020
Finland,7.406000000000001,1.29025,1.31826,0.8891100000000001,0.64169,0.23351,0.41372,2015
Finland,7.412999999999999,1.40598,1.1346399999999999,0.81091,0.57104,0.25492,0.41003999999999996,2016
Finland,7.468999862670901,1.44357192516327,1.5402467250824,0.80915766954422,0.6179508566856379,0.24548277258873,0.38261154294014,2017
Finland,7.632000000000001,1.305,1.5919999999999999,0.8740000000000001,0.6809999999999999,0.20199999999999999,0.39299999999999996,2018
Finland,7.769,1.34,1.587,0.986,0.596,0.153,0.39299999999999996,2019
Finland,7.808700085,1.285189509,0.954329729,0.961271405,0.66231674,0.159670442,0.477857262,2020
France,6.575,1.27778,1.2603799999999998,0.9457899999999999,0.55011,0.12332,0.20646,2015
France,6.478,1.39488,1.00508,0.83795,0.46562,0.1216,0.17808,2016
France,6.44199991226196,1.43092346191406,1.38777685165405,0.8444658517837521,0.470222115516663,0.129762306809425,0.172502428293228,2017
France,6.489,1.2930000000000001,1.466,0.9079999999999999,0.52,0.098,0.17600000000000002,2018
France,6.5920000000000005,1.324,1.472,1.045,0.436,0.111,0.183,2019
France,6.663799762999999,1.268129349,0.937103748,1.029714227,0.5140509010000001,0.112607703,0.227303237,2020
Gabon,3.8960000000000004,1.06024,0.90528,0.43372,0.31914000000000003,0.06822,0.11091,2015
Gabon,4.121,1.15851,0.72368,0.3494,0.28098,0.062439999999999996,0.09314,2016
Gabon,4.46500015258789,1.1982102394104,1.1556202173233001,0.35657858848571794,0.31232857704162603,0.0437853783369064,0.0760467872023582,2017
Gabon,4.758,1.036,1.1640000000000001,0.40399999999999997,0.35600000000000004,0.032,0.052000000000000005,2018
Gabon,4.7989999999999995,1.057,1.183,0.5710000000000001,0.295,0.043,0.055,2019
Gabon,4.829299927,0.9880443809999999,0.787886858,0.522574842,0.36945989700000004,0.052013602,0.05580453900000001,2020
Gambia,4.516,0.308,0.9390000000000001,0.428,0.382,0.26899999999999996,0.16699999999999998,2019
Gambia,4.750599861,0.256990552,0.6931687,0.35324788100000004,0.403419524,0.425989687,0.158093795,2020
Georgia,4.297,0.7419,0.38561999999999996,0.72926,0.40576999999999996,0.055470000000000005,0.38331,2015
Georgia,4.252,0.8379200000000001,0.19249000000000002,0.64035,0.32461,0.06786,0.3188,2016
Georgia,4.28599977493286,0.950612664222717,0.57061493396759,0.649546980857849,0.309410035610199,0.0540088154375553,0.25166663527488703,2017
Georgia,4.34,0.853,0.5920000000000001,0.643,0.375,0.038,0.215,2018
Georgia,4.519,0.8859999999999999,0.6659999999999999,0.752,0.34600000000000003,0.043,0.16399999999999998,2019
Georgia,4.672599792,0.847198069,0.629033029,0.6946576240000001,0.485494107,0.047609735,0.174088076,2020
Germany,6.75,1.32792,1.2993700000000001,0.89186,0.6147699999999999,0.28214,0.21843,2015
Germany,6.994,1.44787,1.09774,0.81487,0.53466,0.30451999999999996,0.28551,2016
Germany,6.9510002136230495,1.48792338371277,1.47252035140991,0.798950731754303,0.562511384487152,0.33626917004585305,0.276731938123703,2017
Germany,6.965,1.34,1.474,0.861,0.586,0.273,0.28,2018
Germany,6.985,1.3730000000000002,1.454,0.987,0.495,0.261,0.265,2019
Germany,7.075799942000001,1.314184546,0.898874462,0.9721148009999999,0.564274132,0.252037704,0.309362292,2020
Ghana,4.633,0.5455800000000001,0.6795399999999999,0.40131999999999995,0.42341999999999996,0.23087,0.04355,2015
Ghana,4.276,0.63107,0.49353,0.29681,0.40973000000000004,0.21203000000000002,0.0326,2016
Ghana,4.11999988555908,0.667224824428558,0.873664736747742,0.29563772678375205,0.423026293516159,0.25692394375801103,0.0253363698720932,2017
Ghana,4.657,0.5920000000000001,0.8959999999999999,0.337,0.499,0.212,0.028999999999999998,2018
Ghana,4.996,0.611,0.868,0.486,0.381,0.245,0.04,2019
Ghana,5.1479997630000005,0.575862467,0.728601098,0.432162255,0.47729006399999996,0.261291206,0.056570380999999996,2020
Greece,4.857,1.15406,0.9293299999999999,0.88213,0.07699,0.0,0.013969999999999998,2015
Greece,5.033,1.24886,0.75473,0.80029,0.05822000000000001,0.0,0.04127,2016
Greece,5.2270002365112305,1.28948748111725,1.23941457271576,0.8101989030838009,0.0957312509417534,0.0,0.043289776891470004,2017
Greece,5.358,1.1540000000000001,1.202,0.879,0.131,0.0,0.044000000000000004,2018
Greece,5.287000000000001,1.181,1.156,0.9990000000000001,0.067,0.0,0.034,2019
Greece,5.514999866,1.128070116,0.8143803479999999,0.979431748,0.17351634800000001,0.0,0.048844352,2020
Guatemala,6.122999999999999,0.74553,1.04356,0.64425,0.57733,0.27489,0.09472,2015
Guatemala,6.324,0.83454,0.8711899999999999,0.5403899999999999,0.50379,0.28808,0.08701,2016
Guatemala,6.4539999961853,0.872001945972443,1.25558519363403,0.540239989757538,0.5313106179237371,0.283488392829895,0.0772232785820961,2017
Guatemala,6.382000000000001,0.7809999999999999,1.268,0.608,0.604,0.179,0.071,2018
Guatemala,6.436,0.8,1.2690000000000001,0.746,0.535,0.175,0.078,2019
Guatemala,6.398900032,0.7538157109999999,0.8166214820000001,0.705952585,0.613146722,0.170611665,0.09836030000000001,2020
Guinea,3.656,0.17417,0.46475,0.24009,0.37725,0.28657,0.12139000000000001,2015
Guinea,3.6069999999999998,0.22415,0.3109,0.18829,0.30953,0.29914,0.1192,2016
Guinea,3.50699996948242,0.24454993009567302,0.7912446856498722,0.194129139184952,0.348587512969971,0.264815092086792,0.110937617719173,2017
Guinea,3.964,0.344,0.792,0.21100000000000002,0.39399999999999996,0.185,0.094,2018
Guinea,4.534,0.38,0.8290000000000001,0.375,0.332,0.207,0.086,2019
Guinea,4.949299812,0.390007734,0.637573481,0.333655238,0.37187805799999996,0.249490842,0.11220455900000001,2020
Haiti,4.518,0.26673,0.74302,0.38847,0.24425,0.46187,0.17175,2015
Haiti,4.0280000000000005,0.34097,0.29561,0.27494,0.12072000000000001,0.47958,0.14476,2016
Haiti,3.6029999256133998,0.368610262870789,0.640449821949005,0.277321130037308,0.0303698573261499,0.48920378088951094,0.0998721495270729,2017
Haiti,3.582,0.315,0.7140000000000001,0.289,0.025,0.392,0.10400000000000001,2018
Haiti,3.597,0.32299999999999995,0.688,0.449,0.026000000000000002,0.419,0.11,2019
Haiti,3.720799923,0.284734428,0.593247831,0.37436673,0.169297516,0.463909656,0.161935672,2020
Honduras,4.788,0.59532,0.9534799999999999,0.6951,0.40148,0.23026999999999997,0.06825,2015
Honduras,4.871,0.69429,0.7559600000000001,0.5838300000000001,0.26755,0.2044,0.06906,2016
Honduras,5.1810002326965305,0.730573117733002,1.14394497871399,0.582569479942322,0.348079860210419,0.23618887364864302,0.0733454525470734,2017
Honduras,5.504,0.62,1.205,0.622,0.45899999999999996,0.19699999999999998,0.07400000000000001,2018
Honduras,5.86,0.642,1.236,0.828,0.507,0.24600000000000002,0.078,2019
Honduras,5.953199862999999,0.598763585,0.821870148,0.791989982,0.568148077,0.256528199,0.086807102,2020
Hong Kong,5.474,1.38604,1.05818,1.01328,0.59608,0.39478,0.37124,2015
Hong Kong,5.457999999999999,1.5107,0.87021,0.9527700000000001,0.48078999999999994,0.40097,0.31647,2016
Hong Kong,5.43,1.405,1.29,1.03,0.524,0.24600000000000002,0.29100000000000004,2018
Hong Kong,5.43,1.4380000000000002,1.2770000000000001,1.122,0.44,0.258,0.287,2019
Hong Kong S.A.R. of China,5.510399818,1.3767460580000002,0.8459690809999999,1.136630654,0.459356517,0.288280904,0.332485437,2020
"Hong Kong S.A.R., China",5.47200012207031,1.55167484283447,1.26279091835022,0.943062424659729,0.490968644618988,0.374465793371201,0.29393374919891396,2017
Hungary,4.8,1.12094,1.20215,0.75905,0.32111999999999996,0.128,0.02758,2015
Hungary,5.145,1.24142,0.9316399999999999,0.67608,0.1977,0.099,0.044719999999999996,2016
Hungary,5.32399988174438,1.2860119342803997,1.34313309192657,0.6877634525299069,0.17586351931095098,0.0784016624093056,0.0366369374096394,2017
Hungary,5.62,1.171,1.401,0.732,0.259,0.061,0.022000000000000002,2018
Hungary,5.757999999999999,1.2009999999999998,1.41,0.828,0.19899999999999998,0.081,0.02,2019
Hungary,6.000400066,1.1643071170000001,0.921934128,0.806793869,0.386401802,0.070491239,0.027548173,2020
Iceland,7.561,1.3023200000000001,1.4022299999999999,0.94784,0.6287699999999999,0.4363,0.14145,2015
Iceland,7.501,1.42666,1.18326,0.8673299999999999,0.56624,0.47678000000000004,0.14975,2016
Iceland,7.50400018692017,1.480633020401,1.6105740070343,0.8335521221160892,0.6271626353263849,0.47554022073745705,0.15352655947208402,2017
Iceland,7.495,1.3430000000000002,1.6440000000000001,0.914,0.677,0.353,0.138,2018
Iceland,7.494,1.38,1.624,1.026,0.591,0.354,0.11800000000000001,2019
Iceland,7.504499912000001,1.326501608,0.9746695759999999,1.000843406,0.661980748,0.362330228,0.14454077199999998,2020
India,4.565,0.64499,0.38174,0.5152899999999999,0.39786,0.26475,0.08492000000000001,2015
India,4.404,0.74036,0.29247,0.45091000000000003,0.40285,0.25028,0.08722,2016
India,4.31500005722046,0.7922212481498722,0.754372596740723,0.455427616834641,0.469987004995346,0.23153848946094502,0.0922268852591515,2017
India,4.19,0.721,0.747,0.485,0.539,0.172,0.09300000000000001,2018
India,4.015,0.755,0.765,0.588,0.498,0.2,0.085,2019
India,3.573299885,0.730576158,0.592200935,0.54057014,0.5811422470000001,0.237072483,0.105587982,2020
Indonesia,5.399,0.8282700000000001,1.0870799999999998,0.63793,0.46611,0.51535,0.0,2015
Indonesia,5.314,0.95104,0.87625,0.49373999999999996,0.39237,0.56521,0.00322,2016
Indonesia,5.26200008392334,0.995538592338562,1.2744446992874099,0.49234572052955605,0.443323463201523,0.611704587936401,0.0153171354904771,2017
Indonesia,5.093,0.899,1.215,0.522,0.5379999999999999,0.484,0.018000000000000002,2018
Indonesia,5.192,0.9309999999999999,1.203,0.66,0.491,0.498,0.027999999999999997,2019
Indonesia,5.285600185,0.891720712,0.808379889,0.610437036,0.568161428,0.542646527,0.038278612999999996,2020
Iran,4.686,1.0088,0.54447,0.69805,0.30033000000000004,0.38086,0.058629999999999995,2015
Iran,4.813,1.11758,0.38856999999999997,0.64232,0.22544,0.38538,0.0557,2016
Iran,4.69199991226196,1.15687310695648,0.7115512490272521,0.639333188533783,0.24932260811328896,0.387242913246155,0.048761073499918005,2017
Iran,4.707,1.0590000000000002,0.7709999999999999,0.691,0.45899999999999996,0.282,0.129,2018
Iran,4.548,1.1,0.8420000000000001,0.785,0.305,0.27,0.125,2019
Iran,4.672399998,1.029322505,0.6946896909999999,0.749053836,0.301195472,0.27697894,0.142651513,2020
Iraq,4.677,0.98549,0.81889,0.60237,0.0,0.17922000000000002,0.13788,2015
Iraq,4.575,1.07474,0.59205,0.51076,0.24856,0.19589,0.13635999999999998,2016
Iraq,4.49700021743774,1.1027104854583702,0.978613197803497,0.501180469989777,0.288555532693863,0.19963726401329,0.10721575468778599,2017
Iraq,4.456,1.01,0.971,0.536,0.304,0.14800000000000002,0.095,2018
Iraq,4.437,1.043,0.98,0.574,0.24100000000000002,0.14800000000000002,0.08900000000000001,2019
Iraq,4.7848000530000006,0.9820187090000001,0.7476949690000001,0.529350698,0.283588052,0.15300206800000002,0.073164992,2020
Ireland,6.94,1.33596,1.36948,0.89533,0.6177699999999999,0.45901000000000003,0.28703,2015
Ireland,6.907,1.4834100000000001,1.16157,0.81455,0.54008,0.44963000000000003,0.29754,2016
Ireland,6.9770002365112305,1.5357066392898602,1.5582311153411899,0.8097826242446899,0.5731103420257571,0.42785832285881,0.29838815331459007,2017
Ireland,6.977,1.4480000000000002,1.5830000000000002,0.8759999999999999,0.614,0.307,0.306,2018
Ireland,7.021,1.499,1.5530000000000002,0.9990000000000001,0.516,0.298,0.31,2019
Ireland,7.093699932000001,1.446886778,0.9420815709999999,0.975670695,0.587779939,0.295426995,0.37343326200000004,2020
Israel,7.278,1.2285700000000002,1.22393,0.9138700000000001,0.41318999999999995,0.33171999999999996,0.07785,2015
Israel,7.267,1.33766,0.9953700000000001,0.8491700000000001,0.36432,0.32288,0.08728,2016
Israel,7.212999820709231,1.3753824234008798,1.37628996372223,0.83840399980545,0.40598860383033797,0.330082654953003,0.0852421000599861,2017
Israel,6.814,1.301,1.5590000000000002,0.883,0.5329999999999999,0.354,0.272,2018
Israel,7.138999999999999,1.276,1.455,1.0290000000000001,0.371,0.261,0.08199999999999999,2019
Israel,7.128600121,1.216463685,0.913571239,1.008052945,0.42069947700000004,0.26686179600000004,0.09989845,2020
Italy,5.9479999999999995,1.25114,1.19777,0.9544600000000001,0.26236,0.22823000000000002,0.02901,2015
Italy,5.977,1.35495,1.04167,0.8510200000000001,0.18827,0.16684000000000002,0.02556,2016
Italy,5.96400022506714,1.3950666189193701,1.44492328166962,0.8531443476676941,0.256450712680817,0.17278964817523998,0.0280280914157629,2017
Italy,6.0,1.264,1.501,0.946,0.281,0.13699999999999998,0.027999999999999997,2018
Italy,6.223,1.294,1.4880000000000002,1.0390000000000001,0.231,0.158,0.03,2019
Italy,6.38740015,1.236396074,0.8898785709999999,1.0225049259999999,0.321305573,0.17026621100000003,0.040145598,2020
Ivory Coast,3.655,0.46534,0.77115,0.15185,0.46866,0.20165,0.17922000000000002,2015
Ivory Coast,3.9160000000000004,0.55507,0.57576,0.04476,0.40663,0.20338,0.1553,2016
Ivory Coast,4.17999982833862,0.6030489206314089,0.904780030250549,0.0486421696841717,0.4477061927318571,0.201237469911575,0.130061775445938,2017
Ivory Coast,4.671,0.541,0.872,0.08,0.467,0.146,0.10300000000000001,2018
Ivory Coast,4.944,0.569,0.8079999999999999,0.23199999999999998,0.35200000000000004,0.154,0.09,2019
Ivory Coast,5.233300208999999,0.537094414,0.658048689,0.154942513,0.39712253200000003,0.16991558699999998,0.09349579400000001,2020
Jamaica,5.709,0.81038,1.1510200000000002,0.6874100000000001,0.50442,0.2123,0.02299,2015
Jamaica,5.51,0.89333,0.96372,0.5946899999999999,0.43596999999999997,0.22245,0.04294,2016
Jamaica,5.31099987030029,0.925579309463501,1.3682180643081698,0.6410223841667181,0.474307239055634,0.23381833732128102,0.0552677810192108,2017
Jamaica,5.89,0.8190000000000001,1.493,0.693,0.575,0.096,0.031,2018
Jamaica,5.89,0.831,1.4780000000000002,0.831,0.49,0.107,0.027999999999999997,2019
Jamaica,5.889800072000001,0.779058397,0.9157018659999999,0.7884340879999999,0.553124607,0.116268493,0.030147785,2020
Japan,5.987,1.27074,1.25712,0.99111,0.49615,0.10705,0.1806,2015
Japan,5.921,1.3800700000000001,1.06054,0.91491,0.46761,0.10224,0.18985,2016
Japan,5.92000007629395,1.41691517829895,1.43633782863617,0.9134758710861209,0.505625545978546,0.12057276815175999,0.163760736584663,2017
Japan,5.915,1.294,1.462,0.988,0.5529999999999999,0.079,0.15,2018
Japan,5.886,1.327,1.419,1.088,0.445,0.069,0.14,2019
Japan,5.870800018,1.26672411,0.883545935,1.072881341,0.495465875,0.03571178,0.18143963800000001,2020
Jordan,5.192,0.9019799999999999,1.05392,0.69639,0.40660999999999997,0.11052999999999999,0.14293,2015
Jordan,5.303,0.9967299999999999,0.86216,0.60712,0.36023,0.14262,0.13297,2016
Jordan,5.33599996566772,0.9910123944282528,1.2390888929367099,0.6045900583267211,0.418421149253845,0.17217046022415197,0.11980327218771002,2017
Jordan,5.1610000000000005,0.8220000000000001,1.265,0.645,0.46799999999999997,0.13,0.134,2018
Jordan,4.906000000000001,0.8370000000000001,1.225,0.815,0.38299999999999995,0.11,0.13,2019
Jordan,4.6333999630000005,0.785179198,0.80216372,0.777624726,0.42485508299999997,0.091494769,0.151878625,2020
Kazakhstan,5.855,1.1225399999999999,1.1224100000000001,0.64368,0.51649,0.11827,0.08454,2015
Kazakhstan,5.919,1.22943,0.95544,0.57386,0.4052,0.15011,0.11132,2016
Kazakhstan,5.8189997673034695,1.2845562696456898,1.3843690156936599,0.6060415506362921,0.43745428323745705,0.20196442306041698,0.11928288638591802,2017
Kazakhstan,5.79,1.143,1.516,0.631,0.45399999999999996,0.14800000000000002,0.121,2018
Kazakhstan,5.809,1.173,1.508,0.7290000000000001,0.41,0.146,0.096,2019
Kazakhstan,6.0578999520000005,1.122594237,0.934744895,0.6987889409999999,0.497432142,0.15371379300000002,0.11046368599999999,2020
Kenya,4.419,0.36471,0.99876,0.41435,0.42215,0.37542,0.05839,2015
Kenya,4.356,0.52267,0.7624,0.30146999999999996,0.40576,0.41328000000000004,0.06686,2016
Kenya,4.55299997329712,0.560479462146759,1.0679507255554201,0.30998834967613204,0.45276376605033897,0.444860309362411,0.0646413192152977,2017
Kenya,4.41,0.493,1.048,0.45399999999999996,0.504,0.35200000000000004,0.055,2018
Kenya,4.5089999999999995,0.512,0.983,0.581,0.431,0.37200000000000005,0.053,2019
Kenya,4.583000183,0.47641339899999996,0.702652037,0.536312759,0.519180536,0.39390209299999995,0.067201078,2020
Kosovo,5.5889999999999995,0.80148,0.81198,0.63132,0.24749000000000002,0.2831,0.04741,2015
Kosovo,5.401,0.90145,0.66062,0.54,0.14396,0.27992,0.06547,2016
Kosovo,5.27899980545044,0.951484382152557,1.1378535032272301,0.541452050209045,0.260287940502167,0.319931447505951,0.0574716180562973,2017
Kosovo,5.662000000000001,0.855,1.23,0.578,0.44799999999999995,0.27399999999999997,0.023,2018
Kosovo,6.1,0.882,1.232,0.758,0.489,0.262,0.006,2019
Kosovo,6.325200081,0.8404813409999999,0.8207265140000001,0.672709167,0.557280421,0.325286865,0.008559024,2020
Kuwait,6.295,1.5542200000000002,1.16594,0.72492,0.55499,0.16228,0.25609,2015
Kuwait,6.239,1.61714,0.8775799999999999,0.63569,0.43166000000000004,0.15965,0.23669,2016
Kuwait,6.10500001907349,1.63295245170593,1.25969874858856,0.6321057081222529,0.49633759260177596,0.228289797902107,0.21515955030918102,2017
Kuwait,6.082999999999999,1.474,1.301,0.675,0.5539999999999999,0.16699999999999998,0.106,2018
Kuwait,6.021,1.5,1.319,0.8079999999999999,0.493,0.142,0.09699999999999999,2019
Kuwait,6.102099895,1.424833655,0.8464752440000001,0.776468933,0.5702614189999999,0.132751092,0.112814933,2020
Kyrgyzstan,5.2860000000000005,0.47428000000000003,1.15115,0.65088,0.43477,0.3003,0.042319999999999997,2015
Kyrgyzstan,5.185,0.5604399999999999,0.95434,0.5544899999999999,0.40212,0.38432,0.047619999999999996,2016
Kyrgyzstan,5.0040001869201705,0.5962200760841371,1.39423859119415,0.553457796573639,0.454943388700485,0.42858037352562,0.0394391790032387,2017
Kyrgyzstan,5.131,0.53,1.416,0.594,0.54,0.281,0.035,2018
Kyrgyzstan,5.261,0.551,1.4380000000000002,0.723,0.508,0.3,0.023,2019
Kyrgyzstan,5.541500092000001,0.513180971,0.8872284890000001,0.680645883,0.614617765,0.30137074,0.030466691,2020
Laos,4.876,0.5906600000000001,0.73803,0.54909,0.59591,0.42191999999999996,0.24249,2015
Laos,4.876,0.68042,0.5497,0.38291,0.52168,0.43078999999999995,0.22423,2016
Laos,4.623,0.72,1.034,0.441,0.626,0.23,0.174,2018
Laos,4.796,0.764,1.03,0.551,0.547,0.266,0.16399999999999998,2019
Laos,4.888599873,0.714693844,0.7375022170000001,0.48637828200000005,0.612027287,0.27266711,0.194273964,2020
Latvia,5.098,1.11312,1.09562,0.72437,0.29671,0.18225999999999998,0.06332,2015
Latvia,5.56,1.2178799999999999,0.95025,0.63952,0.27996,0.17445,0.0889,2016
Latvia,5.849999904632571,1.26074862480164,1.40471494197845,0.638566970825195,0.32570791244506797,0.153074786067009,0.0738427266478539,2017
Latvia,5.933,1.148,1.454,0.6709999999999999,0.363,0.092,0.066,2018
Latvia,5.94,1.187,1.465,0.812,0.264,0.075,0.064,2019
Latvia,5.9499998089999995,1.14139545,0.9182885890000001,0.7779024240000001,0.329198807,0.075407945,0.090391524,2020
Lebanon,4.8389999999999995,1.0256399999999999,0.80001,0.83947,0.33916,0.21854,0.04582,2015
Lebanon,5.129,1.12268,0.64184,0.76171,0.26228,0.23693000000000003,0.030610000000000002,2016
Lebanon,5.22499990463257,1.07498753070831,1.1296242475509601,0.7350810766220089,0.28851598501205394,0.26445075869560203,0.037513829767704,2017
Lebanon,5.358,0.965,1.179,0.785,0.503,0.214,0.136,2018
Lebanon,5.197,0.987,1.224,0.815,0.21600000000000003,0.166,0.027000000000000003,2019
Lebanon,4.771500111,0.889232516,0.824338138,0.7886711359999999,0.18551667,0.158524141,0.021518147,2020
Lesotho,4.898,0.37545,1.04103,0.07612000000000001,0.31767,0.16388,0.12504,2015
Lesotho,3.80800008773804,0.521021246910095,1.19009518623352,0.0,0.390661299228668,0.157497271895409,0.119094640016556,2017
Lesotho,3.8080000000000003,0.47200000000000003,1.215,0.079,0.423,0.11599999999999999,0.11199999999999999,2018
Lesotho,3.802,0.489,1.169,0.168,0.359,0.107,0.09300000000000001,2019
Lesotho,3.6528000830000003,0.45493874,0.7804957029999999,0.100934811,0.40936753200000003,0.10262764199999999,0.050483823,2020
Liberia,4.571000000000001,0.0712,0.78968,0.34201,0.28531,0.24361999999999998,0.06232000000000001,2015
Liberia,3.622,0.10705999999999999,0.50353,0.23165,0.25748000000000004,0.24063,0.04852,2016
Liberia,3.5329999923706095,0.11904179304838199,0.8721179366111759,0.229918196797371,0.33288118243217496,0.26654988527298,0.0389482490718365,2017
Liberia,3.495,0.076,0.858,0.267,0.419,0.20600000000000002,0.03,2018
Liberia,3.975,0.073,0.922,0.44299999999999995,0.37,0.233,0.033,2019
Liberia,4.557899952,0.174103007,0.70928055,0.392284274,0.405943096,0.22696787100000002,0.051139875999999994,2020
Libya,5.754,1.13145,1.1186200000000002,0.7038,0.41668,0.18295,0.11023,2015
Libya,5.615,1.0668799999999998,0.95076,0.52304,0.40671999999999997,0.17087,0.10339000000000001,2016
Libya,5.525000095367429,1.1018030643463101,1.3575643301010099,0.520169019699097,0.465733230113983,0.15207366645336198,0.0926102101802826,2017
Libya,5.566,0.985,1.35,0.5529999999999999,0.496,0.11599999999999999,0.14800000000000002,2018
Libya,5.525,1.044,1.3030000000000002,0.6729999999999999,0.41600000000000004,0.133,0.152,2019
Libya,5.488800049,1.021913767,0.8259429340000001,0.615626633,0.45135405700000003,0.14275769900000002,0.17225807899999998,2020
Lithuania,5.832999999999999,1.14723,1.25745,0.73128,0.21341999999999997,0.026410000000000003,0.01031,2015
Lithuania,5.813,1.2692,1.0641100000000001,0.64674,0.18929,0.02025,0.0182,2016
Lithuania,5.90199995040894,1.3145823478698702,1.47351610660553,0.62894994020462,0.234231784939766,0.010164656676352,0.0118656428530812,2017
Lithuania,5.952000000000001,1.197,1.527,0.716,0.35,0.026000000000000002,0.006,2018
Lithuania,6.149,1.238,1.515,0.818,0.29100000000000004,0.043,0.042,2019
Lithuania,6.215499877999999,1.193559647,0.926107109,0.795421183,0.42046079,0.053691040999999995,0.081350274,2020
Luxembourg,6.946000000000001,1.5639100000000001,1.21963,0.91894,0.61583,0.28034000000000003,0.37798000000000004,2015
Luxembourg,6.871,1.6975200000000001,1.03999,0.8454200000000001,0.5487,0.27571,0.35329,2016
Luxembourg,6.86299991607666,1.74194359779358,1.45758366584778,0.845089495182037,0.59662789106369,0.283180981874466,0.31883442401886,2017
Luxembourg,6.91,1.5759999999999998,1.52,0.8959999999999999,0.632,0.196,0.321,2018
Luxembourg,7.09,1.609,1.479,1.012,0.526,0.19399999999999998,0.316,2019
Luxembourg,7.2375001910000005,1.536676049,0.9069122079999999,0.986442685,0.610137045,0.19595392,0.367041469,2020
Macedonia,5.007,0.91851,1.00232,0.73545,0.33457,0.22359,0.053270000000000005,2015
Macedonia,5.121,1.0193,0.78236,0.6473800000000001,0.27668000000000004,0.23506999999999997,0.07047,2016
Macedonia,5.175000190734861,1.06457793712616,1.20789301395416,0.644948184490204,0.325905978679657,0.25376096367836,0.0602777935564518,2017
Macedonia,5.185,0.9590000000000001,1.239,0.691,0.39399999999999996,0.17300000000000001,0.052000000000000005,2018
Macedonia,5.1598000530000006,0.935371995,0.820392311,0.802994132,0.41022458700000003,0.18586354,0.024595059,2020
Madagascar,3.681,0.20824,0.66801,0.46721,0.19184,0.21333000000000002,0.08123999999999999,2015
Madagascar,3.695,0.27954,0.46115,0.37109000000000003,0.13684000000000002,0.2204,0.07506,2016
Madagascar,3.64400005340576,0.305808693170547,0.9130203723907471,0.375223308801651,0.18919676542282102,0.208732530474663,0.0672319754958153,2017
Madagascar,3.7739999999999996,0.262,0.9079999999999999,0.402,0.221,0.155,0.049,2018
Madagascar,3.9330000000000003,0.27399999999999997,0.9159999999999999,0.555,0.14800000000000002,0.16899999999999998,0.040999999999999995,2019
Madagascar,4.165599823,0.244553208,0.668195903,0.500617027,0.192967549,0.191190064,0.076248638,2020
Malawi,4.292,0.016040000000000002,0.41134,0.22562,0.43054,0.33128,0.06977,2015
Malawi,4.156000000000001,0.08709,0.147,0.29364,0.4143,0.30968,0.07564,2016
Malawi,3.97000002861023,0.233442038297653,0.5125688314437871,0.315089583396912,0.466914653778076,0.28717046976089505,0.0727116540074348,2017
Malawi,3.5869999999999997,0.18600000000000003,0.541,0.306,0.531,0.21,0.08,2018
Malawi,3.41,0.191,0.56,0.495,0.44299999999999995,0.218,0.08900000000000001,2019
Malawi,3.538000107,0.176534727,0.544007301,0.446163297,0.487389833,0.21318505699999998,0.131633952,2020
Malaysia,5.77,1.12486,1.07023,0.7239399999999999,0.5302399999999999,0.33075,0.10500999999999999,2015
Malaysia,6.005,1.25142,0.88025,0.62366,0.39031,0.41473999999999994,0.09081,2016
Malaysia,6.08400011062622,1.29121541976929,1.28464603424072,0.618784427642822,0.40226498246192893,0.416608929634094,0.0656007081270218,2017
Malaysia,6.322,1.161,1.258,0.669,0.35600000000000004,0.311,0.059000000000000004,2018
Malaysia,5.3389999999999995,1.2209999999999999,1.171,0.828,0.508,0.26,0.024,2019
Malaysia,5.384300232,1.168421626,0.816509426,0.7885118720000001,0.596941531,0.274886161,0.062163132999999995,2020
Maldives,5.197599888,0.9378643040000001,0.91316092,0.9144395590000001,0.548203647,0.224198252,0.071906492,2020
Mali,3.995,0.26074,1.03526,0.20583,0.38856999999999997,0.18798,0.12352,2015
Mali,4.073,0.31292,0.8633299999999999,0.16347,0.27544,0.21064000000000002,0.13647,2016
Mali,4.19000005722046,0.476180493831635,1.2814733982086202,0.16936567425727803,0.306613743305206,0.183354198932648,0.10497024655342098,2017
Mali,4.447,0.37,1.2329999999999999,0.152,0.36700000000000005,0.139,0.055999999999999994,2018
Mali,4.39,0.385,1.105,0.308,0.327,0.153,0.052000000000000005,2019
Mali,4.729300021999999,0.35246264899999996,0.7314689759999999,0.234981522,0.377534449,0.16966705,0.06214627599999999,2020
Malta,6.3020000000000005,1.2074,1.30203,0.88721,0.60365,0.51752,0.13585999999999998,2015
Malta,6.4879999999999995,1.30782,1.09879,0.80315,0.54994,0.56237,0.17554,2016
Malta,6.52699995040894,1.34327983856201,1.48841166496277,0.821944236755371,0.588767051696777,0.5747305750846861,0.153066068887711,2017
Malta,6.627000000000001,1.27,1.525,0.884,0.645,0.376,0.142,2018
Malta,6.726,1.3,1.52,0.9990000000000001,0.564,0.375,0.151,2019
Malta,6.772799968999999,1.2525132890000001,0.93037951,0.9720420240000001,0.633239031,0.341180831,0.17886407699999998,2020
Mauritania,4.436,0.45407,0.86908,0.35874,0.24231999999999998,0.21899999999999997,0.17461,2015
Mauritania,4.2010000000000005,0.6139100000000001,0.8414200000000001,0.28639000000000003,0.1268,0.22685999999999998,0.17955,2016
Mauritania,4.29199981689453,0.6484572887420649,1.2720308303833001,0.285349279642105,0.0960980430245399,0.201870024204254,0.136957004666328,2017
Mauritania,4.356,0.557,1.245,0.292,0.129,0.134,0.09300000000000001,2018
Mauritania,4.49,0.57,1.167,0.489,0.066,0.106,0.08800000000000001,2019
Mauritania,4.374599934,0.539684892,0.7908192279999999,0.425184816,0.185714483,0.128899664,0.122257635,2020
Mauritius,5.477,1.0076100000000001,0.98521,0.7095,0.56066,0.37744,0.07521,2015
Mauritius,5.648,1.14372,0.75695,0.66189,0.46145,0.36951,0.05202999999999999,2016
Mauritius,5.62900018692017,1.1893955469131499,1.20956099033356,0.6380074620246889,0.491247326135635,0.360933750867844,0.0421815551817417,2017
Mauritius,5.891,1.09,1.3869999999999998,0.684,0.584,0.245,0.05,2018
Mauritius,5.888,1.12,1.402,0.7979999999999999,0.498,0.215,0.06,2019
Mauritius,6.101299762999999,1.07366395,0.910357833,0.7633894090000001,0.590838134,0.18689455100000002,0.084088229,2020
Mexico,7.187,1.02054,0.91451,0.8144399999999999,0.48181,0.14074,0.21311999999999998,2015
Mexico,6.778,1.1150799999999998,0.7146,0.71143,0.37709000000000004,0.11735,0.18355,2016
Mexico,6.57800006866455,1.1531838178634601,1.2108621597290001,0.709978997707367,0.412730008363724,0.12099043279886199,0.132774114608765,2017
Mexico,6.4879999999999995,1.038,1.252,0.7609999999999999,0.479,0.069,0.095,2018
Mexico,6.595,1.07,1.3230000000000002,0.861,0.433,0.07400000000000001,0.073,2019
Mexico,6.465000152999999,1.024387479,0.8386654259999999,0.831601024,0.553892553,0.083094485,0.083133668,2020
Moldova,5.888999999999999,0.59448,1.01528,0.61826,0.32818,0.20951,0.01615,2015
Moldova,5.897,0.69177,0.8313200000000001,0.5230899999999999,0.25201999999999997,0.19997,0.019030000000000002,2016
Moldova,5.837999820709231,0.7288706302642819,1.25182557106018,0.5894652009010309,0.24072904884815197,0.20877912640571603,0.0100912861526012,2017
Moldova,5.64,0.657,1.301,0.62,0.23199999999999998,0.171,0.0,2018
Moldova,5.529,0.685,1.328,0.7390000000000001,0.245,0.18100000000000002,0.0,2019
Moldova,5.607500076,0.7079167959999999,0.843313575,0.713299453,0.38957148799999997,0.174049184,0.014378743999999999,2020
Mongolia,4.874,0.82819,1.3006,0.60268,0.43626000000000004,0.3323,0.026660000000000003,2015
Mongolia,4.907,0.9885299999999999,1.0898299999999999,0.55469,0.35972,0.34539000000000003,0.03285,2016
Mongolia,4.95499992370605,1.0272358655929599,1.4930112361908001,0.557783484458923,0.39414396882057207,0.338464230298996,0.0329022891819477,2017
Mongolia,5.125,0.914,1.517,0.575,0.395,0.253,0.032,2018
Mongolia,5.285,0.948,1.531,0.667,0.317,0.235,0.038,2019
Mongolia,5.4562001229999995,0.904872775,0.9371424909999999,0.6157881620000001,0.355703115,0.26388573600000004,0.046533125999999994,2020
Montenegro,5.192,0.9743799999999999,0.9055700000000001,0.72521,0.1826,0.1614,0.14296,2015
Montenegro,5.1610000000000005,1.07838,0.74173,0.6353300000000001,0.15111,0.17190999999999998,0.12721,2016
Montenegro,5.23699998855591,1.12112903594971,1.23837649822235,0.6674646735191351,0.194989055395126,0.197911024093628,0.0881741940975189,2017
Montenegro,5.347,1.0170000000000001,1.2790000000000001,0.7290000000000001,0.259,0.111,0.081,2018
Montenegro,5.523,1.051,1.361,0.871,0.19699999999999998,0.142,0.08,2019
Montenegro,5.54610014,1.010150075,0.855314612,0.839028895,0.303223848,0.14901033,0.09843511099999999,2020
Morocco,5.013,0.7347899999999999,0.64095,0.60954,0.41691000000000006,0.07172,0.08546000000000001,2015
Morocco,5.151,0.8405799999999999,0.38595,0.5947100000000001,0.25645999999999997,0.040530000000000004,0.08404,2016
Morocco,5.2350001335144,0.8781145811080929,0.774864435195923,0.59771066904068,0.408158332109451,0.0322099551558495,0.0877631828188896,2017
Morocco,5.254,0.779,0.797,0.669,0.46,0.026000000000000002,0.07400000000000001,2018
Morocco,5.207999999999999,0.8009999999999999,0.782,0.782,0.418,0.036000000000000004,0.076,2019
Morocco,5.094799995,0.75862211,0.5926284789999999,0.745096922,0.45005413899999996,0.040032551,0.07738560400000001,2020
Mozambique,4.971,0.08308,1.02626,0.09131,0.34037,0.22269,0.15603,2015
Mozambique,4.550000190734861,0.23430564999580397,0.870701014995575,0.10665443539619399,0.48079109191894503,0.322228103876114,0.17943638563156103,2017
Mozambique,4.417,0.198,0.902,0.17300000000000001,0.531,0.20600000000000002,0.158,2018
Mozambique,4.466,0.204,0.986,0.39,0.494,0.19699999999999998,0.138,2019
Mozambique,4.623600006,0.178741366,0.723874032,0.324223638,0.56077534,0.22042210399999998,0.163064316,2020
Myanmar,4.3069999999999995,0.27108000000000004,0.70905,0.48246000000000006,0.44017,0.79588,0.19034,2015
Myanmar,4.395,0.34112,0.69981,0.3988,0.42691999999999997,0.81971,0.20243,2016
Myanmar,4.54500007629395,0.36711055040359497,1.12323594093323,0.397522568702698,0.514492034912109,0.8380751609802249,0.188816204667091,2017
Myanmar,4.308,0.682,1.1740000000000002,0.429,0.58,0.598,0.17800000000000002,2018
Myanmar,4.36,0.71,1.181,0.555,0.525,0.5660000000000001,0.172,2019
Myanmar,4.308000088,0.67809093,0.78440702,0.49544307600000004,0.5974788670000001,0.569813728,0.18753035399999998,2020
Namibia,4.574,0.9328700000000001,0.70362,0.34745,0.48613999999999996,0.07795,0.10397999999999999,2016
Namibia,4.57399988174438,0.964434325695038,1.0984708070755,0.33861181139946,0.520303547382355,0.0771337449550629,0.0931469723582268,2017
Namibia,4.441,0.8740000000000001,1.281,0.365,0.519,0.051,0.064,2018
Namibia,4.638999999999999,0.879,1.3130000000000002,0.47700000000000004,0.401,0.07,0.055999999999999994,2019
Namibia,4.571100235,0.84008199,0.846880972,0.40687117,0.44459897299999995,0.076454483,0.054320343,2020
Nepal,4.513999999999999,0.35996999999999996,0.86449,0.5687399999999999,0.38282,0.32295999999999997,0.059070000000000004,2015
Nepal,4.793,0.44626000000000005,0.69699,0.50073,0.37012,0.3816,0.07007999999999999,2016
Nepal,4.961999893188481,0.479820191860199,1.17928326129913,0.504130780696869,0.44030594825744607,0.39409616589546204,0.0729755461215973,2017
Nepal,4.88,0.425,1.228,0.539,0.526,0.302,0.078,2018
Nepal,4.913,0.446,1.226,0.677,0.439,0.285,0.08900000000000001,2019
Nepal,5.137199879,0.444050372,0.785512447,0.66887939,0.480608255,0.300971806,0.127502963,2020
Netherlands,7.377999999999999,1.32944,1.28017,0.89284,0.6157600000000001,0.4761,0.31814000000000003,2015
Netherlands,7.3389999999999995,1.46468,1.02912,0.8123100000000001,0.55211,0.47416,0.29927,2016
Netherlands,7.3769998550415,1.50394463539124,1.42893922328949,0.8106961250305179,0.5853844881057739,0.47048982977867104,0.282661825418472,2017
Netherlands,7.441,1.361,1.4880000000000002,0.878,0.638,0.33299999999999996,0.295,2018
Netherlands,7.4879999999999995,1.396,1.5219999999999998,0.9990000000000001,0.557,0.322,0.298,2019
Netherlands,7.448900223,1.338946342,0.93913883,0.9756753440000001,0.61362648,0.336317569,0.368569762,2020
New Zealand,7.2860000000000005,1.2501799999999998,1.3196700000000001,0.9083700000000001,0.6393800000000001,0.47501000000000004,0.42922,2015
New Zealand,7.334,1.36066,1.17278,0.83096,0.5814699999999999,0.49401000000000006,0.41903999999999997,2016
New Zealand,7.31400012969971,1.40570604801178,1.54819512367249,0.816759705543518,0.6140621304512021,0.500005125999451,0.38281670212745705,2017
New Zealand,7.324,1.268,1.601,0.8759999999999999,0.669,0.365,0.389,2018
New Zealand,7.307,1.3030000000000002,1.557,1.026,0.585,0.33,0.38,2019
New Zealand,7.2996001239999995,1.242317915,0.9491189720000001,1.008138299,0.646789908,0.325726211,0.46126827600000003,2020
Nicaragua,5.827999999999999,0.59325,1.14184,0.7431399999999999,0.55475,0.27815,0.19317,2015
Nicaragua,5.992000000000001,0.69384,0.8952100000000001,0.65213,0.46581999999999996,0.29773,0.16292,2016
Nicaragua,6.07100009918213,0.737299203872681,1.28721570968628,0.6530959606170649,0.447551846504211,0.301674216985703,0.130687981843948,2017
Nicaragua,6.141,0.6679999999999999,1.319,0.7,0.527,0.20800000000000002,0.128,2018
Nicaragua,6.105,0.6940000000000001,1.325,0.835,0.435,0.2,0.127,2019
Nicaragua,6.13710022,0.620033145,0.8574970359999999,0.803093255,0.560117304,0.212871477,0.174084574,2020
Niger,3.845,0.0694,0.77265,0.29707,0.47691999999999996,0.19387000000000001,0.15639,2015
Niger,3.8560000000000003,0.1327,0.6053,0.26161999999999996,0.38040999999999997,0.2097,0.17176,2016
Niger,4.02799987792969,0.16192533075809498,0.993025004863739,0.26850500702858,0.36365869641304,0.22867384552955602,0.13857294619083402,2017
Niger,4.166,0.131,0.867,0.221,0.39,0.175,0.099,2018
Niger,4.628,0.138,0.774,0.366,0.318,0.188,0.102,2019
Niger,4.909599781,0.10833033199999999,0.617435038,0.29881635300000003,0.435311615,0.20817689600000003,0.137554765,2020
Nigeria,5.268,0.65435,0.9043200000000001,0.16007000000000002,0.34334000000000003,0.27233,0.0403,2015
Nigeria,4.875,0.75216,0.64498,0.05108,0.27854,0.23219,0.0305,2016
Nigeria,5.07399988174438,0.783756256103516,1.21577048301697,0.0569157302379608,0.394952565431595,0.23094719648361198,0.0261215660721064,2017
Nigeria,5.155,0.6890000000000001,1.172,0.048,0.462,0.201,0.032,2018
Nigeria,5.265,0.696,1.111,0.245,0.426,0.215,0.040999999999999995,2019
Nigeria,4.724100113,0.645901859,0.73721689,0.16783593600000002,0.435079455,0.221328124,0.047589935,2020
North Cyprus,5.695,1.2080600000000001,1.07008,0.92356,0.49027,0.26169000000000003,0.1428,2015
North Cyprus,5.771,1.31141,0.81826,0.8414200000000001,0.43596,0.26322,0.16577999999999998,2016
North Cyprus,5.80999994277954,1.3469113111496,1.18630337715149,0.834647238254547,0.47120362520217896,0.266845703125,0.155353352427483,2017
North Cyprus,5.53550005,1.21279943,0.820356607,1.0261245970000001,0.477885723,0.19916005399999998,0.199802905,2020
North Macedonia,5.274,0.983,1.294,0.838,0.345,0.185,0.034,2019
Northern Cyprus,5.835,1.229,1.2109999999999999,0.909,0.495,0.179,0.154,2018
Northern Cyprus,5.718,1.263,1.252,1.042,0.41700000000000004,0.191,0.162,2019
Norway,7.522,1.459,1.33095,0.88521,0.66973,0.34699,0.36503,2015
Norway,7.497999999999999,1.57744,1.1269,0.79579,0.59609,0.37895,0.35775999999999997,2016
Norway,7.537000179290769,1.6164631843566901,1.53352355957031,0.796666502952576,0.635422587394714,0.36201223731041,0.31596383452415505,2017
Norway,7.593999999999999,1.456,1.5819999999999999,0.861,0.6859999999999999,0.28600000000000003,0.34,2018
Norway,7.553999999999999,1.4880000000000002,1.5819999999999999,1.028,0.603,0.271,0.341,2019
Norway,7.487999916000001,1.42420733,0.952486575,1.0080718990000002,0.670200884,0.287985086,0.43410056799999996,2020
Oman,6.853,1.36011,1.08182,0.76276,0.63274,0.21541999999999997,0.32524000000000003,2015
Pakistan,5.194,0.59543,0.41411000000000003,0.51466,0.12102,0.33671,0.10464000000000001,2015
Pakistan,5.132000000000001,0.68816,0.26135,0.40306,0.14622000000000002,0.31185,0.1388,2016
Pakistan,5.26900005340576,0.7268835306167599,0.6726906895637509,0.40204778313636796,0.23521526157856,0.31544601917266807,0.12434806674718901,2017
Pakistan,5.472,0.652,0.81,0.424,0.33399999999999996,0.21600000000000003,0.113,2018
Pakistan,5.653,0.677,0.8859999999999999,0.535,0.313,0.22,0.098,2019
Pakistan,5.69329977,0.616799474,0.689062297,0.46993324200000003,0.405421734,0.22870506300000001,0.122592121,2020
Palestinian Territories,4.715,0.59867,0.92558,0.66015,0.24499,0.11250999999999999,0.12905,2015
Palestinian Territories,4.754,0.67024,0.71629,0.56844,0.17744000000000001,0.11154000000000001,0.10613,2016
Palestinian Territories,4.77500009536743,0.716249227523804,1.1556471586227401,0.565666973590851,0.25471106171608,0.114173173904419,0.0892826020717621,2017
Palestinian Territories,4.743,0.642,1.217,0.602,0.266,0.086,0.076,2018
Palestinian Territories,4.696000000000001,0.657,1.247,0.672,0.225,0.10300000000000001,0.066,2019
Palestinian Territories,4.552800179,0.587819219,0.825295925,0.613826573,0.29870075,0.091816261,0.07191365200000001,2020
Panama,6.7860000000000005,1.0635299999999999,1.1985,0.79661,0.5421,0.24434,0.0927,2015
Panama,6.7010000000000005,1.18306,0.9891200000000001,0.70835,0.48927,0.2418,0.08423,2016
Panama,6.4520001411438,1.23374843597412,1.3731925487518302,0.706156134605408,0.550026834011078,0.21055693924427,0.070983923971653,2017
Panama,6.43,1.112,1.4380000000000002,0.759,0.597,0.125,0.063,2018
Panama,6.321000000000001,1.149,1.442,0.91,0.516,0.109,0.054000000000000006,2019
Panama,6.304800033999999,1.097667813,0.902094483,0.878546536,0.57984978,0.097207308,0.054230525999999994,2020
Paraguay,5.877999999999999,0.75985,1.30477,0.66098,0.53899,0.3424,0.08242000000000001,2015
Paraguay,5.537999999999999,0.8937299999999999,1.11111,0.58295,0.46235,0.25296,0.07396,2016
Paraguay,5.493000030517581,0.932537317276001,1.50728487968445,0.579250693321228,0.473507791757584,0.224150657653809,0.091065913438797,2017
Paraguay,5.681,0.835,1.5219999999999998,0.615,0.541,0.162,0.07400000000000001,2018
Paraguay,5.742999999999999,0.855,1.475,0.777,0.514,0.184,0.08,2019
Paraguay,5.6921000479999995,0.897990823,0.8987278940000001,0.7358696459999999,0.586510062,0.20429924100000002,0.065077379,2020
Peru,5.824,0.9001899999999999,0.97459,0.73017,0.41496000000000005,0.14982,0.05989,2015
Peru,5.742999999999999,0.9960200000000001,0.81255,0.6299399999999999,0.37501999999999996,0.14527,0.05292,2016
Peru,5.71500015258789,1.0352252721786501,1.21877038478851,0.6301661133766171,0.45000287890434293,0.126819714903831,0.0470490865409374,2017
Peru,5.662999999999999,0.934,1.249,0.674,0.53,0.092,0.034,2018
Peru,5.697,0.96,1.274,0.8540000000000001,0.455,0.083,0.027000000000000003,2019
Peru,5.796800137000001,0.91854918,0.8310752509999999,0.824444175,0.513210058,0.091611817,0.02703266,2020
Philippines,5.073,0.70532,1.03516,0.58114,0.62545,0.24991,0.12279000000000001,2015
Philippines,5.279,0.81217,0.87877,0.47036000000000006,0.5485399999999999,0.21674000000000002,0.11757000000000001,2016
Philippines,5.42999982833862,0.85769921541214,1.25391757488251,0.46800905466079706,0.585214674472809,0.193513423204422,0.0993318930268288,2017
Philippines,5.524,0.775,1.3119999999999998,0.513,0.643,0.12,0.105,2018
Philippines,5.631,0.807,1.2930000000000001,0.657,0.5579999999999999,0.11699999999999999,0.107,2019
Philippines,6.006000042,0.7751206759999999,0.8467300529999999,0.602189481,0.6219151620000001,0.12926021199999999,0.13038572699999998,2020
Poland,5.791,1.12555,1.27948,0.77903,0.53122,0.16759000000000002,0.04212,2015
Poland,5.835,1.24585,1.04685,0.69058,0.4519,0.14443,0.055,2016
Poland,5.97300004959106,1.29178786277771,1.44571197032928,0.699475347995758,0.520342111587524,0.158465966582298,0.0593078061938286,2017
Poland,6.122999999999999,1.176,1.4480000000000002,0.7809999999999999,0.546,0.10800000000000001,0.064,2018
Poland,6.182,1.206,1.4380000000000002,0.884,0.483,0.11699999999999999,0.05,2019
Poland,6.1862998010000005,1.16922915,0.874257445,0.868038476,0.557903528,0.06337424400000001,0.160541251,2020
Portugal,5.102,1.15991,1.13935,0.8751899999999999,0.51469,0.13719,0.01078,2015
Portugal,5.122999999999999,1.27607,0.9436700000000001,0.7936300000000001,0.44727,0.11690999999999999,0.01521,2016
Portugal,5.19500017166138,1.3151752948761002,1.36704301834106,0.795843541622162,0.498465299606323,0.0951027125120163,0.0158694516867399,2017
Portugal,5.41,1.188,1.429,0.884,0.562,0.055,0.017,2018
Portugal,5.693,1.2209999999999999,1.431,0.9990000000000001,0.508,0.047,0.025,2019
Portugal,5.9109001160000005,1.168800831,0.8865907190000001,0.979315281,0.5898951889999999,0.053036947,0.027733466000000002,2020
Puerto Rico,7.039,1.35943,1.08113,0.77758,0.46823000000000004,0.22202,0.12275,2016
Qatar,6.611000000000001,1.69042,1.0786,0.79733,0.6404,0.32573,0.52208,2015
Qatar,6.375,1.82427,0.87964,0.71723,0.56679,0.32388,0.48049,2016
Qatar,6.375,1.8707656860351598,1.27429687976837,0.7100980877876278,0.604130983352661,0.33047387003898604,0.43929925560951205,2017
Qatar,6.374,1.649,1.3030000000000002,0.748,0.654,0.256,0.171,2018
Qatar,6.374,1.6840000000000002,1.3130000000000002,0.871,0.555,0.22,0.16699999999999998,2019
Romania,5.124,1.04345,0.8858799999999999,0.7689,0.35068,0.13748,0.006490000000000001,2015
Romania,5.528,1.1697,0.7280300000000001,0.67602,0.36712,0.12889,0.006790000000000001,2016
Romania,5.824999809265139,1.21768391132355,1.15009129047394,0.6851583123207089,0.457003742456436,0.133519917726517,0.0043879006989300294,2017
Romania,5.945,1.1159999999999999,1.219,0.726,0.528,0.08800000000000001,0.001,2018
Romania,6.07,1.162,1.232,0.825,0.462,0.083,0.005,2019
Romania,6.123700142000001,1.1204016209999998,0.8251615170000001,0.79229486,0.534852326,0.068181619,0.0008295689999999999,2020
Russia,5.716,1.13764,1.23617,0.6692600000000001,0.36679,0.00199,0.03005,2015
Russia,5.856,1.2322799999999998,1.05261,0.58991,0.32682,0.027360000000000002,0.03586,2016
Russia,5.962999820709231,1.28177809715271,1.46928238868713,0.547349333763123,0.373783111572266,0.0522638224065304,0.0329628810286522,2017
Russia,5.81,1.151,1.479,0.599,0.39899999999999997,0.065,0.025,2018
Russia,5.648,1.183,1.452,0.726,0.33399999999999996,0.08199999999999999,0.031,2019
Russia,5.546000004,1.126999617,0.903150737,0.68044591,0.399499595,0.099041916,0.045699362,2020
Rwanda,3.465,0.22208000000000003,0.7737,0.42863999999999997,0.59201,0.22628,0.55191,2015
Rwanda,3.515,0.32846,0.6158600000000001,0.31865,0.5432,0.23551999999999998,0.50521,2016
Rwanda,3.47099995613098,0.368745893239975,0.945707023143768,0.326424807310104,0.5818438529968261,0.25275602936744695,0.455220013856888,2017
Rwanda,3.408,0.332,0.8959999999999999,0.4,0.636,0.2,0.444,2018
Rwanda,3.3339999999999996,0.359,0.711,0.614,0.555,0.217,0.41100000000000003,2019
Rwanda,3.312299967,0.343242675,0.54083544,0.572383285,0.604087889,0.235704988,0.485542476,2020
Saudi Arabia,6.4110000000000005,1.39541,1.0839299999999998,0.72025,0.31048000000000003,0.13706,0.32524000000000003,2015
Saudi Arabia,6.379,1.48953,0.84829,0.59267,0.37904,0.15457,0.30008,2016
Saudi Arabia,6.343999862670901,1.53062355518341,1.28667759895325,0.590148329734802,0.449750572443008,0.147616013884544,0.27343225479126004,2017
Saudi Arabia,6.371,1.379,1.331,0.633,0.509,0.098,0.127,2018
Saudi Arabia,6.375,1.403,1.357,0.795,0.439,0.08,0.132,2019
Saudi Arabia,6.406499863,1.334328532,0.874067068,0.759818137,0.548477471,0.087440684,0.163322315,2020
Senegal,3.904,0.36498,0.97619,0.4354,0.36772,0.20843000000000003,0.10712999999999999,2015
Senegal,4.218999999999999,0.44314,0.7741600000000001,0.40457,0.31056,0.19103,0.11681,2016
Senegal,4.53499984741211,0.479309022426605,1.17969191074371,0.409362852573395,0.37792226672172496,0.183468893170357,0.11546044796705199,2017
Senegal,4.631,0.429,1.117,0.433,0.406,0.138,0.08199999999999999,2018
Senegal,4.681,0.45,1.1340000000000001,0.5710000000000001,0.292,0.153,0.07200000000000001,2019
Senegal,4.980800152,0.5040618179999999,0.723616004,0.518391907,0.352400899,0.164397135,0.081865937,2020
Serbia,5.122999999999999,0.92053,1.0096399999999999,0.74836,0.20107,0.19230999999999998,0.02617,2015
Serbia,5.1770000000000005,1.03437,0.81329,0.6458,0.15718,0.20736999999999997,0.04339,2016
Serbia,5.39499998092651,1.06931757926941,1.2581897974014298,0.65078467130661,0.20871552824974102,0.22012588381767298,0.0409037806093693,2017
Serbia,5.398,0.975,1.369,0.685,0.28800000000000003,0.134,0.043,2018
Serbia,5.603,1.004,1.383,0.8540000000000001,0.282,0.13699999999999998,0.039,2019
Serbia,5.77820015,0.9881818290000001,0.881475747,0.828403294,0.395428419,0.15028289,0.059447147,2020
Sierra Leone,4.507,0.33024000000000003,0.9557100000000001,0.0,0.4084,0.21488000000000002,0.08786000000000001,2015
Sierra Leone,4.635,0.36485,0.628,0.0,0.30685,0.23897,0.08196,2016
Sierra Leone,4.70900011062622,0.36842092871666,0.984136044979095,0.005564753897488121,0.318697690963745,0.293040901422501,0.0710951760411263,2017
Sierra Leone,4.571000000000001,0.256,0.813,0.0,0.355,0.23800000000000002,0.053,2018
Sierra Leone,4.374,0.268,0.841,0.242,0.309,0.252,0.045,2019
Sierra Leone,3.926399946,0.24056038300000002,0.636142015,0.20395396600000001,0.38202768600000003,0.257647008,0.047940935999999996,2020
Singapore,6.797999999999999,1.52186,1.02,1.02525,0.54252,0.31105,0.4921,2015
Singapore,6.739,1.64555,0.8675799999999999,0.94719,0.4877,0.32706,0.46986999999999995,2016
Singapore,6.57200002670288,1.69227766990662,1.35381436347961,0.9494923949241642,0.549840569496155,0.345965981483459,0.46430778503417997,2017
Singapore,6.343,1.5290000000000001,1.4509999999999998,1.008,0.631,0.261,0.457,2018
Singapore,6.2620000000000005,1.5719999999999998,1.463,1.141,0.556,0.271,0.45299999999999996,2019
Singapore,6.377099991000001,1.519580126,0.9102689620000001,1.137814283,0.635317206,0.21877090600000001,0.533162236,2020
Slovakia,5.995,1.1689100000000001,1.26999,0.7890199999999999,0.31751,0.16893,0.03431,2015
Slovakia,6.077999999999999,1.27973,1.0826799999999999,0.70367,0.23390999999999998,0.13837,0.02947,2016
Slovakia,6.09800004959106,1.32539355754852,1.5050592422485398,0.712732911109924,0.295817464590073,0.136544480919838,0.0242108516395092,2017
Slovakia,6.172999999999999,1.21,1.537,0.7759999999999999,0.354,0.11800000000000001,0.013999999999999999,2018
Slovakia,6.1979999999999995,1.246,1.504,0.8809999999999999,0.33399999999999996,0.121,0.013999999999999999,2019
Slovakia,6.280600071,1.194837689,0.9224937559999999,0.853465259,0.423542529,0.11672977400000001,0.011291441000000001,2020
Slovenia,5.848,1.18498,1.27385,0.8733700000000001,0.60855,0.25328,0.03787,2015
Slovenia,5.768,1.2994700000000001,1.05613,0.79151,0.53164,0.25738,0.03635,2016
Slovenia,5.75799989700317,1.3412059545516999,1.4525188207626298,0.7908282279968258,0.572575807571411,0.242649093270302,0.0451289787888527,2017
Slovenia,5.9479999999999995,1.219,1.506,0.856,0.633,0.16,0.051,2018
Slovenia,6.117999999999999,1.258,1.5230000000000001,0.953,0.564,0.14400000000000002,0.057,2019
Slovenia,6.363399982000001,1.208652496,0.939575672,0.932548046,0.646700144,0.145701498,0.076516323,2020
Somalia,5.44,0.0,0.33613000000000004,0.11465999999999998,0.5677800000000001,0.27225,0.3118,2016
Somalia,5.151000022888179,0.0226431842893362,0.7211513519287109,0.11398913711309401,0.602126955986023,0.291631311178207,0.28241032361984303,2017
Somalia,4.982,0.0,0.7120000000000001,0.115,0.674,0.23800000000000002,0.282,2018
Somalia,4.668,0.0,0.698,0.268,0.5589999999999999,0.243,0.27,2019
Somaliland region,5.0569999999999995,0.18847,0.95152,0.43873,0.46581999999999996,0.5031800000000001,0.39928,2015
Somaliland Region,5.0569999999999995,0.25558000000000003,0.75862,0.33108000000000004,0.3913,0.51479,0.36794,2016
South Africa,4.6419999999999995,0.9204899999999999,1.18468,0.27688,0.33207,0.11972999999999999,0.08884,2015
South Africa,4.459,1.02416,0.9605299999999999,0.18611,0.42483000000000004,0.13656,0.08415,2016
South Africa,4.8289999961853,1.05469870567322,1.38478863239288,0.18708007037639604,0.479246735572815,0.13936237990856198,0.0725094974040985,2017
South Africa,4.724,0.94,1.41,0.33,0.516,0.10300000000000001,0.055999999999999994,2018
South Africa,4.7219999999999995,0.96,1.351,0.469,0.389,0.13,0.055,2019
South Africa,4.814099789,0.9021404390000001,0.8525322679999999,0.407034069,0.43478182,0.12640684800000002,0.05950214,2020
South Korea,5.984,1.24461,0.9577399999999999,0.9653799999999999,0.33208000000000004,0.18557,0.07857,2015
South Korea,5.835,1.35948,0.7219399999999999,0.88645,0.25168,0.18824000000000002,0.07716,2016
South Korea,5.837999820709231,1.40167844295502,1.1282744407653797,0.900214076042175,0.257921665906906,0.206674367189407,0.0632826685905457,2017
South Korea,5.875,1.266,1.204,0.955,0.244,0.175,0.051,2018
South Korea,5.895,1.301,1.219,1.036,0.159,0.175,0.055999999999999994,2019
South Korea,5.872399807000001,1.245300651,0.7993871570000001,1.0225425959999999,0.25935635,0.17030386600000003,0.09459628199999999,2020
South Sudan,3.832,0.39394,0.18519000000000002,0.15780999999999998,0.19662000000000002,0.25899,0.13015,2016
South Sudan,3.5910000801086404,0.39724862575531,0.601323127746582,0.163486003875732,0.147062435746193,0.285670816898346,0.116793513298035,2017
South Sudan,3.2539999999999996,0.337,0.608,0.177,0.11199999999999999,0.22399999999999998,0.106,2018
South Sudan,2.853,0.306,0.575,0.295,0.01,0.20199999999999999,0.091,2019
South Sudan,2.8166000839999996,0.289082974,0.553707123,0.208809033,0.065609254,0.209934607,0.111156799,2020
Spain,6.329,1.23011,1.31379,0.95562,0.45951000000000003,0.18227000000000002,0.06398,2015
Spain,6.361000000000001,1.34253,1.12945,0.8789600000000001,0.37545,0.17665,0.06137000000000001,2016
Spain,6.40299987792969,1.38439786434174,1.53209090232849,0.888960599899292,0.408781230449677,0.190133571624756,0.0709140971302986,2017
Spain,6.31,1.251,1.538,0.965,0.449,0.142,0.07400000000000001,2018
Spain,6.354,1.286,1.484,1.062,0.36200000000000004,0.153,0.079,2019
Spain,6.4008998870000005,1.230535269,0.921125412,1.051343083,0.425983816,0.16530548,0.109579779,2020
Sri Lanka,4.271,0.83524,1.01905,0.70806,0.5372600000000001,0.40828000000000003,0.09179,2015
Sri Lanka,4.415,0.9731799999999999,0.84783,0.62007,0.50817,0.46978000000000003,0.07964,2016
Sri Lanka,4.44000005722046,1.00985014438629,1.25997638702393,0.625130832195282,0.561213254928589,0.49086356163024897,0.0736539661884308,2017
Sri Lanka,4.471,0.9179999999999999,1.314,0.672,0.585,0.307,0.05,2018
Sri Lanka,4.3660000000000005,0.9490000000000001,1.265,0.831,0.47,0.244,0.047,2019
Sri Lanka,4.327000141,0.897986948,0.825374067,0.792036712,0.528632462,0.25266614600000004,0.049444564,2020
Sudan,4.55,0.52107,1.01404,0.36878,0.10081,0.19062,0.1466,2015
Sudan,4.138999999999999,0.63069,0.8192799999999999,0.29759,0.0,0.18077000000000001,0.10039,2016
Sudan,4.138999938964839,0.6595166921615601,1.21400856971741,0.290920823812485,0.0149958552792668,0.182317450642586,0.089847519993782,2017
Sudan,4.138999999999999,0.605,1.24,0.312,0.016,0.134,0.08199999999999999,2018
Suriname,6.269,0.99534,0.972,0.6082,0.5965699999999999,0.16990999999999998,0.13633,2015
Suriname,6.269,1.09686,0.77866,0.5093300000000001,0.5223399999999999,0.16665,0.12692,2016
Swaziland,4.867,0.71206,1.07284,0.07566,0.30658,0.18259,0.0306,2015
Swaziland,4.212,0.8109999999999999,1.149,0.0,0.313,0.07400000000000001,0.135,2019
Swaziland,4.3081002239999995,0.827539742,0.7702901959999999,0.215585828,0.299935788,0.067264833,0.14676587300000002,2020
Sweden,7.364,1.33171,1.2890700000000002,0.9108700000000001,0.6598,0.36262,0.43843999999999994,2015
Sweden,7.291,1.45181,1.08764,0.83121,0.58218,0.38254,0.40867,2016
Sweden,7.28399991989136,1.49438726902008,1.47816216945648,0.830875158309937,0.612924098968506,0.38539925217628496,0.384398728609085,2017
Sweden,7.314,1.355,1.501,0.9129999999999999,0.659,0.285,0.38299999999999995,2018
Sweden,7.343,1.3869999999999998,1.4869999999999999,1.0090000000000001,0.574,0.267,0.373,2019
Sweden,7.353499889,1.322235227,0.926311195,0.9864704609999999,0.6502977010000001,0.272827893,0.442066371,2020
Switzerland,7.587000000000001,1.3965100000000001,1.34951,0.9414299999999999,0.66557,0.29678000000000004,0.41978000000000004,2015
Switzerland,7.5089999999999995,1.5273299999999999,1.14524,0.86303,0.58557,0.28083,0.41203,2016
Switzerland,7.49399995803833,1.5649795532226598,1.51691174507141,0.858131289482117,0.620070576667786,0.29054927825927696,0.36700728535652205,2017
Switzerland,7.487,1.42,1.5490000000000002,0.927,0.66,0.256,0.35700000000000004,2018
Switzerland,7.48,1.452,1.526,1.052,0.5720000000000001,0.263,0.34299999999999997,2019
Switzerland,7.559899807000001,1.39077425,0.942846596,1.040533185,0.62895447,0.269055754,0.407945901,2020
Syria,3.0060000000000002,0.6632,0.47489,0.7219300000000001,0.15684,0.47179,0.18905999999999998,2015
Syria,3.069,0.7471899999999999,0.14866,0.6299399999999999,0.06912,0.48396999999999996,0.17232999999999998,2016
Syria,3.46199989318848,0.777153134346008,0.396102607250214,0.5005333423614501,0.0815394446253777,0.49366372823715204,0.15134713053703303,2017
Syria,3.4619999999999997,0.6890000000000001,0.382,0.539,0.08800000000000001,0.376,0.14400000000000002,2018
Syria,3.4619999999999997,0.619,0.37799999999999995,0.44,0.013000000000000001,0.331,0.141,2019
Taiwan,6.297999999999999,1.29098,1.07617,0.8753,0.3974,0.25376,0.08129,2015
Taiwan,6.379,1.39729,0.92624,0.79565,0.32377,0.25495,0.0663,2016
Taiwan,6.441,1.365,1.436,0.857,0.418,0.151,0.078,2018
Taiwan,6.446000000000001,1.368,1.43,0.914,0.35100000000000003,0.242,0.09699999999999999,2019
Taiwan Province of China,6.42199993133545,1.4336265325546298,1.38456535339355,0.793984234333038,0.361466586589813,0.258360475301743,0.0638292357325554,2017
Taiwan Province of China,6.45539999,1.3274705409999998,0.894309103,0.8784379959999999,0.44940438899999996,0.150598705,0.131516352,2020
Tajikistan,4.7860000000000005,0.39047,0.8556299999999999,0.5737899999999999,0.47216,0.22974,0.15072,2015
Tajikistan,4.996,0.48835,0.75602,0.5311899999999999,0.43408,0.25998000000000004,0.13509000000000002,2016
Tajikistan,5.04099988937378,0.524713635444641,1.27146327495575,0.5292351245880129,0.47156670689582797,0.24899764358997303,0.14637714624404902,2017
Tajikistan,5.199,0.474,1.166,0.598,0.292,0.187,0.034,2018
Tajikistan,5.4670000000000005,0.493,1.0979999999999999,0.718,0.389,0.23,0.14400000000000002,2019
Tajikistan,5.555699825,0.474874616,0.835297108,0.680594802,0.521141171,0.182417125,0.221779913,2020
Tanzania,3.781,0.2852,1.00268,0.38215,0.32878,0.34376999999999996,0.05747000000000001,2015
Tanzania,3.6660000000000004,0.47155,0.77623,0.35700000000000004,0.3176,0.31472,0.05099,2016
Tanzania,3.34899997711182,0.511135876178741,1.04198980331421,0.364509284496307,0.390017777681351,0.354256361722946,0.0660351067781448,2017
Tanzania,3.303,0.455,0.991,0.381,0.48100000000000004,0.27,0.09699999999999999,2018
Tanzania,3.2310000000000003,0.47600000000000003,0.885,0.499,0.41700000000000004,0.276,0.147,2019
Tanzania,3.4762001039999997,0.457163125,0.6889331940000001,0.442677855,0.5093430879999999,0.27154091,0.20388086100000002,2020
Thailand,6.455,0.9669,1.26504,0.7385,0.5566399999999999,0.5763,0.031869999999999996,2015
Thailand,6.474,1.0893,1.04477,0.64915,0.49553,0.58696,0.02833,2016
Thailand,6.4239997863769505,1.12786877155304,1.4257924556732198,0.647239029407501,0.580200731754303,0.572123110294342,0.0316127352416515,2017
Thailand,6.072,1.016,1.4169999999999998,0.7070000000000001,0.637,0.364,0.028999999999999998,2018
Thailand,6.007999999999999,1.05,1.409,0.828,0.557,0.359,0.027999999999999997,2019
Thailand,5.9987998010000005,1.007029295,0.8899732229999999,0.7938558459999999,0.609449804,0.376709014,0.031837862,2020
Togo,2.839,0.20868,0.13995,0.28443,0.36453,0.16680999999999999,0.10730999999999999,2015
Togo,3.303,0.28123000000000004,0.0,0.24811,0.34678000000000003,0.17517,0.11587,2016
Togo,3.4949998855590803,0.30544471740722695,0.4318825304508211,0.247105568647385,0.38042613863945,0.19689615070819896,0.0956650152802467,2017
Togo,3.9989999999999997,0.259,0.474,0.253,0.434,0.158,0.10099999999999999,2018
Togo,4.085,0.275,0.5720000000000001,0.41,0.293,0.177,0.085,2019
Togo,4.187200069,0.268116266,0.551312625,0.34273117799999997,0.303539038,0.200774252,0.114826456,2020
Trinidad & Tobago,6.192,1.2229999999999999,1.492,0.564,0.575,0.171,0.019,2018
Trinidad & Tobago,6.192,1.2309999999999999,1.4769999999999999,0.713,0.489,0.185,0.016,2019
Trinidad and Tobago,6.167999999999999,1.21183,1.18354,0.61483,0.55884,0.31844,0.0114,2015
Trinidad and Tobago,6.167999999999999,1.32572,0.98569,0.52608,0.48453,0.31935,0.01241,2016
Trinidad and Tobago,6.1680002212524405,1.36135590076447,1.3802285194397,0.5199832916259771,0.518630743026733,0.32529646158218395,0.00896481610834599,2017
Trinidad and Tobago,6.1918997760000005,1.167641521,0.91529417,0.658828557,0.55293113,0.199358255,0.015078396,2020
Tunisia,4.739,0.88113,0.60429,0.73793,0.26268,0.06431,0.06358,2015
Tunisia,5.045,0.97724,0.43165,0.59577,0.23553000000000002,0.03936,0.0817,2016
Tunisia,4.80499982833862,1.00726580619812,0.8683514595031742,0.613212049007416,0.289680689573288,0.0496933571994305,0.0867231488227844,2017
Tunisia,4.592,0.9,0.9059999999999999,0.69,0.271,0.04,0.063,2018
Tunisia,4.461,0.9209999999999999,1.0,0.815,0.16699999999999998,0.059000000000000004,0.055,2019
Tunisia,4.392199993,0.874742687,0.6887185570000001,0.781156719,0.23586055600000003,0.055881143,0.043899573,2020
Turkey,5.332000000000001,1.06098,0.94632,0.73172,0.22815,0.12253,0.15746,2015
Turkey,5.388999999999999,1.1649200000000002,0.8771700000000001,0.64718,0.23889000000000002,0.04707,0.12347999999999999,2016
Turkey,5.5,1.1982743740081798,1.33775317668915,0.6376056075096129,0.300740599632263,0.0466930419206619,0.0996715798974037,2017
Turkey,5.483,1.148,1.38,0.6859999999999999,0.324,0.106,0.109,2018
Turkey,5.372999999999999,1.183,1.36,0.8079999999999999,0.195,0.083,0.106,2019
Turkey,5.131800175,1.127169251,0.826313555,0.781335294,0.25440076,0.08588556900000001,0.120983243,2020
Turkmenistan,5.547999999999999,0.95847,1.22668,0.53886,0.4761,0.16979,0.30844,2015
Turkmenistan,5.6579999999999995,1.08017,1.03817,0.44006000000000006,0.37408,0.22566999999999998,0.28467,2016
Turkmenistan,5.82200002670288,1.1307767629623402,1.49314916133881,0.437726080417633,0.41827192902565,0.24992498755454998,0.25927034020423895,2017
Turkmenistan,5.636,1.016,1.5330000000000001,0.517,0.41700000000000004,0.19899999999999998,0.037000000000000005,2018
Turkmenistan,5.247000000000001,1.052,1.538,0.657,0.39399999999999996,0.244,0.027999999999999997,2019
Turkmenistan,5.119100093999999,1.008963585,0.958966196,0.6124480370000001,0.515236676,0.323129326,0.03350389,2020
Uganda,3.931,0.21101999999999999,1.13299,0.33860999999999997,0.45726999999999995,0.29066,0.07267,2015
Uganda,3.739,0.34719,0.90981,0.19625,0.43653000000000003,0.27102,0.06442,2016
Uganda,4.08099985122681,0.381430715322495,1.12982773780823,0.21763260662555703,0.443185955286026,0.32576605677604703,0.057069718837738,2017
Uganda,4.1610000000000005,0.322,1.09,0.237,0.45,0.259,0.061,2018
Uganda,4.189,0.332,1.069,0.44299999999999995,0.35600000000000004,0.252,0.06,2019
Uganda,4.43200016,0.31233742800000003,0.7649946209999999,0.378311664,0.401682556,0.264807373,0.063818842,2020
Ukraine,4.681,0.79907,1.20278,0.6739,0.25123,0.15275,0.02961,2015
Ukraine,4.324,0.87287,1.01413,0.58628,0.12859,0.20363,0.01829,2016
Ukraine,4.09600019454956,0.89465194940567,1.39453756809235,0.575903952121735,0.12297477573156401,0.270061463117599,0.0230294708162546,2017
Ukraine,4.103,0.7929999999999999,1.413,0.609,0.163,0.187,0.011000000000000001,2018
Ukraine,4.332,0.82,1.39,0.7390000000000001,0.17800000000000002,0.187,0.01,2019
Ukraine,4.56069994,0.780434608,0.878879368,0.6986743809999999,0.319423705,0.17855131600000002,0.00965116,2020
United Arab Emirates,6.901,1.42727,1.12575,0.80925,0.64157,0.26428,0.38583,2015
United Arab Emirates,6.5729999999999995,1.57352,0.8711399999999999,0.72993,0.56215,0.26591,0.35561,2016
United Arab Emirates,6.6479997634887695,1.6263433694839498,1.2664102315902699,0.726798236370087,0.60834527015686,0.3609419465065,0.324489563703537,2017
United Arab Emirates,6.774,2.096,0.7759999999999999,0.67,0.284,0.18600000000000003,,2018
United Arab Emirates,6.825,1.5030000000000001,1.31,0.825,0.598,0.262,0.182,2019
United Arab Emirates,6.790800095,1.4310864209999998,0.8491811159999999,0.787814438,0.652936101,0.28065598,0.220213518,2020
United Kingdom,6.867000000000001,1.26637,1.28548,0.90943,0.59625,0.51912,0.32066999999999996,2015
United Kingdom,6.725,1.40283,1.0867200000000001,0.80991,0.50036,0.50156,0.27399,2016
United Kingdom,6.71400022506714,1.44163393974304,1.4964600801467902,0.805335938930511,0.508190035820007,0.492774158716202,0.265428066253662,2017
United Kingdom,7.19,1.244,1.433,0.888,0.46399999999999997,0.262,0.08199999999999999,2018
United Kingdom,7.053999999999999,1.3330000000000002,1.538,0.996,0.45,0.348,0.278,2019
United Kingdom,7.164500237,1.273061037,0.93668282,0.97570008,0.525168657,0.37343344100000003,0.322601646,2020
United States,7.119,1.3945100000000001,1.24711,0.86179,0.54604,0.40105,0.1589,2015
United States,7.104,1.50796,1.04782,0.779,0.48163,0.41076999999999997,0.14868,2016
United States,6.993000030517581,1.54625928401947,1.4199205636978103,0.7742866277694699,0.505740523338318,0.392578780651093,0.135638788342476,2017
United States,6.886,1.3980000000000001,1.4709999999999999,0.8190000000000001,0.547,0.29100000000000004,0.133,2018
United States,6.892,1.433,1.4569999999999999,0.8740000000000001,0.45399999999999996,0.28,0.128,2019
United States,6.939599991000001,1.37398684,0.914219022,0.831618011,0.534608245,0.298143059,0.152284741,2020
Uruguay,6.485,1.06166,1.2089,0.8116,0.6036199999999999,0.2324,0.24558000000000002,2015
Uruguay,6.545,1.18157,1.0314299999999998,0.72183,0.54388,0.18056,0.21394000000000002,2016
Uruguay,6.4539999961853,1.2175596952438401,1.4122278690338101,0.719216823577881,0.5793922543525699,0.175096929073334,0.17806187272071802,2017
Uruguay,6.379,1.093,1.459,0.7709999999999999,0.625,0.13,0.155,2018
Uruguay,6.292999999999999,1.124,1.465,0.8909999999999999,0.523,0.127,0.15,2019
Uruguay,6.440100192999999,1.071000457,0.92281127,0.856928885,0.59426707,0.132143691,0.19342507399999997,2020
Uzbekistan,6.002999999999999,0.63244,1.34043,0.59772,0.6582100000000001,0.22837,0.30826,2015
Uzbekistan,5.987,0.7359100000000001,1.1681,0.50163,0.60848,0.34326,0.28333,2016
Uzbekistan,5.97100019454956,0.786441087722778,1.5489691495895401,0.498272627592087,0.6582486629486078,0.41598364710807795,0.246528223156929,2017
Uzbekistan,6.096,0.7190000000000001,1.584,0.605,0.7240000000000001,0.32799999999999996,0.259,2018
Uzbekistan,6.1739999999999995,0.745,1.5290000000000001,0.7559999999999999,0.631,0.322,0.24,2019
Uzbekistan,6.257599831,0.6966529490000001,0.926595807,0.716703713,0.6932703259999999,0.36331102299999996,0.280260265,2020
Venezuela,6.81,1.04424,1.25596,0.7205199999999999,0.42908,0.058410000000000004,0.11069000000000001,2015
Venezuela,6.084,1.1336700000000002,1.03302,0.6190399999999999,0.19847,0.0425,0.08304,2016
Venezuela,5.25,1.12843120098114,1.43133759498596,0.617144227027893,0.15399712324142498,0.0650196298956871,0.0644911229610443,2017
Venezuela,4.806,0.996,1.469,0.657,0.133,0.055999999999999994,0.052000000000000005,2018
Venezuela,4.707,0.96,1.4269999999999998,0.805,0.154,0.064,0.047,2019
Venezuela,5.053199768,0.7702386379999999,0.890408158,0.76702553,0.271717221,0.08717915400000001,0.06362477700000001,2020
Vietnam,5.36,0.63216,0.9122600000000001,0.7467600000000001,0.59444,0.1686,0.10440999999999999,2015
Vietnam,5.061,0.74037,0.7911699999999999,0.66157,0.5595399999999999,0.25075,0.11556,2016
Vietnam,5.07399988174438,0.7885475754737851,1.27749133110046,0.6521689891815191,0.571055591106415,0.23496805131435397,0.0876332372426987,2017
Vietnam,5.103,0.715,1.365,0.7020000000000001,0.618,0.177,0.079,2018
Vietnam,5.175,0.741,1.3459999999999999,0.851,0.5429999999999999,0.147,0.073,2019
Vietnam,5.353499889,0.718092382,0.849987149,0.819133997,0.650835574,0.136488721,0.089848459,2020
Yemen,4.077,0.5464899999999999,0.68093,0.40064,0.35570999999999997,0.09131,0.07854,2015
Yemen,3.7239999999999998,0.57939,0.47493,0.31048000000000003,0.2287,0.09821,0.05892000000000001,2016
Yemen,3.59299993515015,0.5916834473609921,0.93538224697113,0.310080915689468,0.24946372210979503,0.104125209152699,0.0567674227058887,2017
Yemen,3.355,0.442,1.073,0.34299999999999997,0.244,0.083,0.064,2018
Yemen,3.38,0.287,1.163,0.46299999999999997,0.14300000000000002,0.10800000000000001,0.077,2019
Yemen,3.5274000169999997,0.392701775,0.817980587,0.41500017,0.243721485,0.09468901199999999,0.08735212699999999,2020
Zambia,5.129,0.47038,0.91612,0.29924,0.48827,0.19591,0.12468,2015
Zambia,4.795,0.61202,0.6376,0.23573000000000002,0.42662,0.17865999999999999,0.11479,2016
Zambia,4.513999938964839,0.6364067792892459,1.00318729877472,0.25783589482307395,0.461603492498398,0.249580144882202,0.0782135501503944,2017
Zambia,4.377,0.562,1.047,0.295,0.503,0.221,0.08199999999999999,2018
Zambia,4.107,0.578,1.058,0.426,0.431,0.247,0.087,2019
Zambia,3.759399891,0.536833763,0.698824465,0.36359334,0.49131754,0.250620902,0.086705238,2020
Zimbabwe,4.61,0.271,1.0327600000000001,0.33475,0.25861,0.18987,0.08079,2015
Zimbabwe,4.1930000000000005,0.35041,0.71478,0.1595,0.25429,0.18503,0.08582000000000001,2016
Zimbabwe,3.875,0.37584653496742204,1.08309590816498,0.19676375389099102,0.336384207010269,0.189143493771553,0.0953753814101219,2017
Zimbabwe,3.6919999999999997,0.35700000000000004,1.094,0.248,0.406,0.132,0.099,2018
Zimbabwe,3.6630000000000003,0.366,1.114,0.433,0.361,0.151,0.08900000000000001,2019
Zimbabwe,3.2992000580000003,0.425564021,0.7630927559999999,0.375037611,0.37740472,0.151349187,0.080928579,2020
